british,american,category,form,to_american_enabled,to_british_enabled,source_refs,notes
accessorise,accessorize,verb,原型,true,true,动词!A2:F2,
accessorised,accessorized,verb,过去分词|过去时,true,true,动词!C2:H2|动词!D2:I2,
accessorises,accessorizes,verb,第三人称单数,true,true,动词!B2:G2,
accessorising,accessorizing,verb,ing,true,true,动词!E2:J2,
actualise,actualize,verb,原型,true,true,动词!A3:F3,
actualised,actualized,verb,过去分词|过去时,true,true,动词!C3:H3|动词!D3:I3,
actualises,actualizes,verb,第三人称单数,true,true,动词!B3:G3,
actualising,actualizing,verb,ing,true,true,动词!E3:J3,
aeon,eon,noun,单数,true,true,名词!A276:C276|名词!A39:C39|名词!A43:C43,
aeonian,eonian,adjective,基本形式,true,true,形容词!A2:B2,
aeons,eons,noun,复数,true,true,名词!B276:D276|名词!B39:D39|名词!B43:D43,
aerial,antenna,noun,单数,true,true,名词!A3:C3,
aerials,antennas,noun,复数,true,true,名词!B3:D3,
aerogramme,aerogram,noun,单数,true,true,名词!A277:C277|名词!A40:C40|名词!A44:C44,
aerogrammes,aerograms,noun,复数,true,true,名词!B277:D277|名词!B40:D40|名词!B44:D44,
aeroplane,airplane,noun,单数,true,true,名词!A2:C2,
aeroplanes,airplanes,noun,复数,true,true,名词!B2:D2,
aesthetes,esthetics,noun,复数,true,false,名词!B110:D110|名词!B343:D343,美式源词存在多个英式目标，已禁用美转英
aesthetic,esthetic,noun,单数,true,false,名词!A278:C278|名词!A41:C41|名词!A45:C45,美式源词存在多个英式目标，已禁用美转英
aesthetics,esthetics,noun,复数,true,false,名词!B278:D278|名词!B41:D41|名词!B45:D45,美式源词存在多个英式目标，已禁用美转英
ageing,aging,adjective|noun,单数|基本形式,true,true,名词!A279:C279|名词!A42:C42|名词!A46:C46|形容词!A3:B3,
ageings,agings,noun,复数,true,true,名词!B279:D279|名词!B42:D42|名词!B46:D46,
aggrandisement,aggrandizement,noun,单数,true,true,名词!A280:C280|名词!A43:C43|名词!A47:C47,
aggrandisements,aggrandizements,noun,复数,true,true,名词!B280:D280|名词!B43:D43|名词!B47:D47,
agonise,agonize,verb,原型,true,true,动词!A4:F4,
agonised,agonized,verb,过去分词|过去时,true,true,动词!C4:H4|动词!D4:I4,
agonises,agonizes,verb,第三人称单数,true,true,动词!B4:G4,
agonising,agonizing,adjective|verb,ing|基本形式,true,true,动词!E4:J4|形容词!A4:B4,
allotment,community garden plot,noun,单数,true,true,名词!A4:C4,
allotments,community garden plots,noun,复数,true,true,名词!B4:D4,
almanack,almanac,noun,单数,true,true,名词!A281:C281|名词!A44:C44|名词!A48:C48,
almanacks,almanacs,noun,复数,true,true,名词!B281:D281|名词!B44:D44|名词!B48:D48,
alphabetise,alphabetize,verb,原型,true,true,动词!A5:F5,
alphabetised,alphabetized,verb,过去分词|过去时,true,true,动词!C5:H5|动词!D5:I5,
alphabetises,alphabetizes,verb,第三人称单数,true,true,动词!B5:G5,
alphabetising,alphabetizing,verb,ing,true,true,动词!E5:J5,
ambulance man,paramedic,noun,单数,true,true,名词!A5:C5,
ambulance men,paramedics,noun,复数,true,true,名词!B5:D5,
american football,football,noun,单数,true,false,名词!A6:C6,美式源词同时是美转英目标，为保证幂等已禁用美转英
american footballs,footballs,noun,复数,true,false,名词!B6:D6,美式源词同时是美转英目标，为保证幂等已禁用美转英
amortisable,amortizable,adjective,基本形式,true,true,形容词!A5:B5,
amortisation,amortization,noun,单数,true,true,名词!A282:C282|名词!A45:C45|名词!A49:C49,
amortisations,amortizations,noun,复数,true,true,名词!B282:D282|名词!B45:D45|名词!B49:D49,
amortise,amortize,verb,原型,true,true,动词!A6:F6,
amortised,amortized,verb,过去分词|过去时,true,true,动词!C6:H6|动词!D6:I6,
amortises,amortizes,verb,第三人称单数,true,true,动词!B6:G6,
amortising,amortizing,verb,ing,true,true,动词!E6:J6,
amphitheatre,amphitheater,noun,单数,true,true,名词!A283:C283|名词!A46:C46|名词!A50:C50,
amphitheatres,amphitheaters,noun,复数,true,true,名词!B283:D283|名词!B46:D46|名词!B50:D50,
anaemia,anemia,noun,单数,true,true,名词!A284:C284|名词!A47:C47|名词!A51:C51,
anaemias,anemias,noun,复数,true,true,名词!B284:D284|名词!B47:D47|名词!B51:D51,
anaemic,anemic,adjective,基本形式,true,true,形容词!A6:B6,
anaesthesia,anesthesia,noun,单数,true,true,名词!A285:C285|名词!A48:C48|名词!A52:C52,
anaesthesias,anesthesias,noun,复数,true,true,名词!B285:D285|名词!B48:D48|名词!B52:D52,
anaesthetic,anesthetic,adjective|noun,单数|基本形式,true,true,名词!A286:C286|名词!A49:C49|名词!A53:C53|形容词!A7:B7,
anaesthetically,anesthetically,adverb,基本形式,true,true,副词!A2:B2,
anaesthetics,anesthetics,noun,复数,true,true,名词!B286:D286|名词!B49:D49|名词!B53:D53,
anaesthetised,anesthetized,adjective,基本形式,true,true,形容词!A8:B8,
anaesthetising,anesthetizing,adjective,基本形式,true,true,形容词!A9:B9,
analogue,analog,adjective|noun,单数|基本形式,true,true,名词!A287:C287|名词!A50:C50|名词!A54:C54|形容词!A10:B10,
analogues,analogs,noun,复数,true,true,名词!B287:D287|名词!B50:D50|名词!B54:D54,
analysable,analyzable,adjective,基本形式,true,true,形容词!A11:B11,
analyse,analyze,verb,原型,true,true,动词!A18:F18|动词!A19:F19,
analysed,analyzed,verb,过去分词|过去时,true,true,动词!C18:H18|动词!C19:H19|动词!D18:I18|动词!D19:I19,
analyses,analyzes,verb,第三人称单数,true,true,动词!B18:G18|动词!B19:G19,
analysing,analyzing,verb,ing,true,true,动词!E18:J18|动词!E19:J19,
anathematise,anathematize,verb,原型,true,true,动词!A8:F8,
anathematised,anathematized,verb,过去分词|过去时,true,true,动词!C8:H8|动词!D8:I8,
anathematises,anathematizes,verb,第三人称单数,true,true,动词!B8:G8,
anathematising,anathematizing,verb,ing,true,true,动词!E8:J8,
anatomise,anatomize,verb,原型,true,true,动词!A7:F7,
anatomised,anatomized,verb,过去分词|过去时,true,true,动词!C7:H7|动词!D7:I7,
anatomises,anatomizes,verb,第三人称单数,true,true,动词!B7:G7,
anatomising,anatomizing,verb,ing,true,true,动词!E7:J7,
anglicisation,anglicization,noun,单数,true,true,名词!A288:C288|名词!A51:C51|名词!A55:C55,
anglicisations,anglicizations,noun,复数,true,true,名词!B288:D288|名词!B51:D51|名词!B55:D55,
anglicise,anglicize,verb,原型,true,true,动词!A10:F10,
anglicised,anglicized,verb,过去分词|过去时,true,true,动词!C10:H10|动词!D10:I10,
anglicises,anglicizes,verb,第三人称单数,true,true,动词!B10:G10,
anglicising,anglicizing,verb,ing,true,true,动词!E10:J10,
animalise,animalize,verb,原型,true,true,动词!A11:F11,
animalised,animalized,verb,过去分词|过去时,true,true,动词!C11:H11|动词!D11:I11,
animalises,animalizes,verb,第三人称单数,true,true,动词!B11:G11,
animalising,animalizing,verb,ing,true,true,动词!E11:J11,
annualisation,annualization,noun,单数,true,true,名词!A289:C289|名词!A52:C52|名词!A56:C56,
annualisations,annualizations,noun,复数,true,true,名词!B289:D289|名词!B52:D52|名词!B56:D56,
annualise,annualize,verb,原型,true,true,动词!A13:F13,
annualised,annualized,verb,过去分词|过去时,true,true,动词!C13:H13|动词!D13:I13,
annualises,annualizes,verb,第三人称单数,true,true,动词!B13:G13,
annualising,annualizing,verb,ing,true,true,动词!E13:J13,
anodise,anodize,verb,原型,true,true,动词!A9:F9,
anodised,anodized,verb,过去分词|过去时,true,true,动词!C9:H9|动词!D9:I9,
anodises,anodizes,verb,第三人称单数,true,true,动词!B9:G9,
anodising,anodizing,verb,ing,true,true,动词!E9:J9,
anonymisation,anonymization,noun,单数,true,true,名词!A53:C53,
anonymise,anonymize,verb,原型,true,true,动词!A12:F12,
anonymised,anonymized,verb,过去分词|过去时,true,true,动词!C12:H12|动词!D12:I12,
anonymises,anonymizes,verb,第三人称单数,true,true,动词!B12:G12,
anonymising,anonymizing,verb,ing,true,true,动词!E12:J12,
anorak,parka,noun,单数,true,true,名词!A7:C7,
anoraks,parkas,noun,复数,true,true,名词!B7:D7,
anticlockwise turns,counterclockwise turns,noun,单数|复数,true,true,名词!A8:C8|名词!B8:D8,
apologise,apologize,verb,原型,true,true,动词!A13:F13|动词!A14:F14,
apologised,apologized,verb,过去分词|过去时,true,true,动词!C13:H13|动词!C14:H14|动词!D13:I13|动词!D14:I14,
apologises,apologizes,verb,第三人称单数,true,true,动词!B13:G13|动词!B14:G14,
apologising,apologizing,verb,ing,true,true,动词!E13:J13|动词!E14:J14,
apostatise,apostatize,verb,原型,true,true,动词!A14:F14|动词!A15:F15,
apostatised,apostatized,verb,过去分词|过去时,true,true,动词!C14:H14|动词!C15:H15|动词!D14:I14|动词!D15:I15,
apostatises,apostatizes,verb,第三人称单数,true,true,动词!B14:G14|动词!B15:G15,
apostatising,apostatizing,verb,ing,true,true,动词!E14:J14|动词!E15:J15,
appendices,appendixes,noun,复数,true,true,名词!B11:D11,
appetise,appetize,verb,原型,true,true,动词!A15:F15|动词!A16:F16,
appetised,appetized,verb,过去分词|过去时,true,true,动词!C15:H15|动词!C16:H16|动词!D15:I15|动词!D16:I16,
appetiser,appetizer,noun,单数,true,false,名词!A290:C290|名词!A54:C54|名词!A57:C57|名词!A9:C9,美式源词存在多个英式目标，已禁用美转英
appetisers,appetizers,noun,复数,true,false,名词!B290:D290|名词!B54:D54|名词!B57:D57|名词!B9:D9,美式源词存在多个英式目标，已禁用美转英
appetises,appetizes,verb,第三人称单数,true,true,动词!B15:G15|动词!B16:G16,
appetising,appetizing,verb,ing,true,true,动词!E15:J15|动词!E16:J16,
appetising dishes,appetizing dishes,noun,单数|复数,true,true,名词!A10:C10|名词!A3:C3|名词!B10:D10|名词!B3:D3,
arbour,arbor,noun,单数,true,true,名词!A291:C291|名词!A55:C55|名词!A58:C58,
arbours,arbors,noun,复数,true,true,名词!B291:D291|名词!B55:D55|名词!B58:D58,
archaeologic,archeologic,adjective,基本形式,true,true,形容词!A13:B13,
archaeological,archeological,adjective,基本形式,true,true,形容词!A12:B12,
archaeozoic,archeozoic,adjective,基本形式,true,true,形容词!A14:B14,
ardour,ardor,noun,单数,true,true,名词!A292:C292|名词!A56:C56|名词!A59:C59,
ardours,ardors,noun,复数,true,true,名词!B292:D292|名词!B56:D56|名词!B59:D59,
armour,armor,noun|verb,单数|原型,true,true,动词!A290:F290|动词!A294:F294|动词!A302:F302|名词!A293:C293|名词!A57:C57|名词!A60:C60,
armoured,armored,verb,过去分词|过去时,true,true,动词!C290:H290|动词!C294:H294|动词!C302:H302|动词!D290:I290|动词!D294:I294|动词!D302:I302,
armouring,armoring,verb,ing,true,true,动词!E290:J290|动词!E294:J294|动词!E302:J302,
armours,armors,noun|verb,复数|第三人称单数,true,true,动词!B290:G290|动词!B294:G294|动词!B302:G302|名词!B293:D293|名词!B57:D57|名词!B60:D60,
aromatise,aromatize,verb,原型,true,true,动词!A16:F16|动词!A17:F17,
aromatised,aromatized,verb,过去分词|过去时,true,true,动词!C16:H16|动词!C17:H17|动词!D16:I16|动词!D17:I17,
aromatises,aromatizes,verb,第三人称单数,true,true,动词!B16:G16|动词!B17:G17,
aromatising,aromatizing,verb,ing,true,true,动词!E16:J16|动词!E17:J17,
artefact,artifact,noun,单数,true,true,名词!A13:C13|名词!A294:C294|名词!A58:C58|名词!A61:C61,
artefacts,artifacts,noun,复数,true,true,名词!B13:D13|名词!B294:D294|名词!B58:D58|名词!B61:D61,
artefactual,artifactual,adjective,基本形式,true,true,形容词!A15:B15,
articulated lorries,semis,noun,复数,true,true,名词!B12:D12,
articulated lorry,semi,noun,单数,true,true,名词!A12:C12,
ashbin,trash can,noun,单数,true,false,名词!A14:C14,美式源词存在多个英式目标，已禁用美转英
ashbins,trash cans,noun,复数,true,false,名词!B14:D14,美式源词存在多个英式目标，已禁用美转英
authorisation,authorization,noun,单数,true,true,名词!A295:C295|名词!A59:C59|名词!A62:C62,
authorisations,authorizations,noun,复数,true,true,名词!B295:D295|名词!B59:D59|名词!B62:D62,
authorise,authorize,verb,原型,true,true,动词!A17:F17|动词!A18:F18,
authorised,authorized,verb,过去分词|过去时,true,true,动词!C17:H17|动词!C18:H18|动词!D17:I17|动词!D18:I18,
authorises,authorizes,verb,第三人称单数,true,true,动词!B17:G17|动词!B18:G18,
authorising,authorizing,verb,ing,true,true,动词!E17:J17|动词!E18:J18,
autumn,fall,noun,单数,true,true,名词!A15:C15|名词!A4:C4,
autumns,falls,noun,复数,true,true,名词!B15:D15|名词!B4:D4,
axe,ax,noun,单数,true,true,名词!A296:C296|名词!A60:C60|名词!A63:C63,
axes,axs,noun,复数,true,true,名词!B296:D296|名词!B60:D60|名词!B63:D63,
balkanise,balkanize,verb,原型,true,true,动词!A20:F20|动词!A21:F21,
balkanised,balkanized,verb,过去分词|过去时,true,true,动词!C20:H20|动词!C21:H21|动词!D20:I20|动词!D21:I21,
balkanises,balkanizes,verb,第三人称单数,true,true,动词!B20:G20|动词!B21:G21,
balkanising,balkanizing,verb,ing,true,true,动词!E20:J20|动词!E21:J21,
bank holiday,public holiday,noun,单数,true,true,名词!A16:C16,
bank holidays,public holidays,noun,复数,true,true,名词!B16:D16,
bannister,banister,noun,单数,true,true,名词!A297:C297|名词!A61:C61|名词!A64:C64,
bannisters,banisters,noun,复数,true,true,名词!B297:D297|名词!B61:D61|名词!B64:D64,
bap,bun,noun,单数,true,true,名词!A17:C17,
baps,buns,noun,复数,true,true,名词!B17:D17,
baptise,baptize,verb,原型,true,true,动词!A19:F19|动词!A20:F20,
baptised,baptized,verb,过去分词|过去时,true,true,动词!C19:H19|动词!C20:H20|动词!D19:I19|动词!D20:I20,
baptises,baptizes,verb,第三人称单数,true,true,动词!B19:G19|动词!B20:G20,
baptising,baptizing,verb,ing,true,true,动词!E19:J19|动词!E20:J20,
baptismalised,baptismalized,adjective,基本形式,true,true,形容词!A16:B16,
barrelled,barreled,verb,过去分词|过去时,true,true,动词!C23:H23|动词!D23:I23,
barrelling,barreling,verb,ing,true,true,动词!E23:J23,
barrister,trial lawyer,noun,单数,true,true,名词!A18:C18,
barristers,trial lawyers,noun,复数,true,true,名词!B18:D18,
bastardise,bastardize,verb,原型,true,true,动词!A21:F21|动词!A22:F22,
bastardised,bastardized,verb,过去分词|过去时,true,true,动词!C21:H21|动词!C22:H22|动词!D21:I21|动词!D22:I22,
bastardises,bastardizes,verb,第三人称单数,true,true,动词!B21:G21|动词!B22:G22,
bastardising,bastardizing,verb,ing,true,true,动词!E21:J21|动词!E22:J22,
beetroot,beet,noun,单数,true,true,名词!A19:C19,
beetroots,beets,noun,复数,true,true,名词!B19:D19,
behaviour,behavior,noun,单数,true,true,名词!A298:C298|名词!A62:C62|名词!A65:C65,
behavioural,behavioral,adjective,基本形式,true,true,形容词!A17:B17,
behaviourist,behaviorist,adjective,基本形式,true,true,形容词!A18:B18,
behaviours,behaviors,noun,复数,true,true,名词!B298:D298|名词!B62:D62|名词!B65:D65,
bejewelled,bejeweled,adjective,基本形式,true,true,形容词!A19:B19,
belabour,belabor,noun,单数,true,true,名词!A299:C299|名词!A63:C63|名词!A66:C66,
belaboured,belabored,adjective,基本形式,true,true,形容词!A20:B20,
belabours,belabors,noun,复数,true,true,名词!B299:D299|名词!B63:D63|名词!B66:D66,
bill,check,noun,单数,true,false,名词!A20:C20,美式源词存在多个英式目标，已禁用美转英
bills,checks,noun,复数,true,false,名词!B20:D20,美式源词存在多个英式目标，已禁用美转英
biro,ballpoint pen,noun,单数,true,true,名词!A21:C21,
biros,ballpoint pens,noun,复数,true,true,名词!B21:D21,
biscuit,cookie,noun,单数,true,true,名词!A22:C22|名词!A5:C5,
biscuits,cookies,noun,复数,true,true,名词!B22:D22|名词!B5:D5,
blackcurrant,currant,noun,单数,true,true,名词!A23:C23,
blackcurrants,currants,noun,复数,true,true,名词!B23:D23,
bonnet,hood,noun,单数,true,true,名词!A24:C24,
bonnets,hoods,noun,复数,true,true,名词!B24:D24,
booking office,ticket office,noun,单数,true,true,名词!A25:C25,
booking offices,ticket offices,noun,复数,true,true,名词!B25:D25,
boot,trunk,noun,单数,true,false,名词!A26:C26,美式源词存在多个英式目标，已禁用美转英
boots,trunks,noun,复数,true,false,名词!B26:D26,美式源词存在多个英式目标，已禁用美转英
botanise,botanize,verb,原型,true,true,动词!A22:F22|动词!A24:F24,
botanised,botanized,verb,过去分词|过去时,true,true,动词!C22:H22|动词!C24:H24|动词!D22:I22|动词!D24:I24,
botanises,botanizes,verb,第三人称单数,true,true,动词!B22:G22|动词!B24:G24,
botanising,botanizing,verb,ing,true,true,动词!E22:J22|动词!E24:J24,
bowdlerise,bowdlerize,verb,原型,true,true,动词!A23:F23|动词!A25:F25,
bowdlerised,bowdlerized,verb,过去分词|过去时,true,true,动词!C23:H23|动词!C25:H25|动词!D23:I23|动词!D25:I25,
bowdlerises,bowdlerizes,verb,第三人称单数,true,true,动词!B23:G23|动词!B25:G25,
bowdlerising,bowdlerizing,verb,ing,true,true,动词!E23:J23|动词!E25:J25,
braces,suspenders,noun,单数|复数,true,true,名词!A27:C27|名词!B27:D27,
breakdown lorries,tow trucks,noun,复数,true,true,名词!B28:D28,
breakdown lorry,tow truck,noun,单数,true,true,名词!A28:C28,
breastpin,brooch,noun,单数,true,true,名词!A29:C29,
breastpins,brooches,noun,复数,true,true,名词!B29:D29,
breathalyse,breathalyze,verb,原型,true,true,动词!A24:F24|动词!A26:F26,
breathalysed,breathalyzed,verb,过去分词|过去时,true,true,动词!C24:H24|动词!C26:H26|动词!D24:I24|动词!D26:I26,
breathalyses,breathalyzes,verb,第三人称单数,true,true,动词!B24:G24|动词!B26:G26,
breathalysing,breathalyzing,adjective|verb,ing|基本形式,true,true,动词!E24:J24|动词!E26:J26|形容词!A21:B21,
briticise,briticize,verb,原型,true,true,动词!A25:F25|动词!A27:F27,
briticised,briticized,verb,过去分词|过去时,true,true,动词!C25:H25|动词!C27:H27|动词!D25:I25|动词!D27:I27,
briticises,briticizes,verb,第三人称单数,true,true,动词!B25:G25|动词!B27:G27,
briticising,briticizing,verb,ing,true,true,动词!E25:J25|动词!E27:J27,
broad bean,fava bean,noun,单数,true,true,名词!A30:C30,
broad beans,fava beans,noun,复数,true,true,名词!B30:D30,
brutalise,brutalize,verb,原型,true,true,动词!A26:F26|动词!A28:F28,
brutalised,brutalized,verb,过去分词|过去时,true,true,动词!C26:H26|动词!C28:H28|动词!D26:I26|动词!D28:I28,
brutalises,brutalizes,verb,第三人称单数,true,true,动词!B26:G26|动词!B28:G28,
brutalising,brutalizing,adjective|verb,ing|基本形式,true,true,动词!E26:J26|动词!E28:J28|形容词!A22:B22,
brutalisingly,brutalizingly,adverb,基本形式,true,true,副词!A3:B3,
building societies,savings and loans,noun,复数,true,true,名词!B31:D31,
building society,savings and loan,noun,单数,true,true,名词!A31:C31,
bungalow,ranch house,noun,单数,true,true,名词!A32:C32,
bungalows,ranch houses,noun,复数,true,true,名词!B32:D32,
bureaucratise,bureaucratize,verb,原型,true,true,动词!A27:F27|动词!A29:F29,
bureaucratised,bureaucratized,verb,过去分词|过去时,true,true,动词!C27:H27|动词!C29:H29|动词!D27:I27|动词!D29:I29,
bureaucratises,bureaucratizes,verb,第三人称单数,true,true,动词!B27:G27|动词!B29:G29,
bureaucratising,bureaucratizing,verb,ing,true,true,动词!E27:J27|动词!E29:J29,
bus conductor,fare collector,noun,单数,true,true,名词!A33:C33,
bus conductors,fare collectors,noun,复数,true,true,名词!B33:D33,
bypass,beltway,noun,单数,true,true,名词!A34:C34,
bypasses,beltways,noun,复数,true,true,名词!B34:D34,
cab rank,taxi stand,noun,单数,true,false,名词!A35:C35,美式源词存在多个英式目标，已禁用美转英
cab ranks,taxi stands,noun,复数,true,false,名词!B35:D35,美式源词存在多个英式目标，已禁用美转英
caesarean,cesarean,adjective,基本形式,true,true,形容词!A23:B23,
café,coffee shop,noun,单数,true,true,名词!A36:C36,
cafés,coffee shops,noun,复数,true,true,名词!B36:D36,
calibre,caliber,adjective|noun,单数|基本形式,true,true,名词!A300:C300|名词!A64:C64|名词!A67:C67|形容词!A24:B24,
calibres,calibers,noun,复数,true,true,名词!B300:D300|名词!B64:D64|名词!B67:D67,
caliper,calliper,noun,单数,true,true,名词!A301:C301|名词!A65:C65|名词!A68:C68,
calipers,callipers,noun,复数,true,true,名词!B301:D301|名词!B65:D65|名词!B68:D68,
canalise,canalize,verb,原型,true,true,动词!A31:F31|动词!A33:F33,
canalised,canalized,verb,过去分词|过去时,true,true,动词!C31:H31|动词!C33:H33|动词!D31:I31|动词!D33:I33,
canalises,canalizes,verb,第三人称单数,true,true,动词!B31:G31|动词!B33:G33,
canalising,canalizing,adjective|verb,ing|基本形式,true,true,动词!E31:J31|动词!E33:J33|形容词!A25:B25,
cancelled,canceled,verb,过去分词|过去时,true,true,动词!C254:H254|动词!C258:H258|动词!C266:H266|动词!D254:I254|动词!D258:I258|动词!D266:I266,
cancelling,canceling,adjective|verb,ing|基本形式,true,true,动词!E254:J254|动词!E258:J258|动词!E266:J266|形容词!A27:B27,
candour,candor,noun,单数,true,true,名词!A302:C302|名词!A66:C66|名词!A69:C69,
candours,candors,noun,复数,true,true,名词!B302:D302|名词!B66:D66|名词!B69:D69,
cannibalise,cannibalize,verb,原型,true,true,动词!A28:F28|动词!A30:F30,
cannibalised,cannibalized,verb,过去分词|过去时,true,true,动词!C28:H28|动词!C30:H30|动词!D28:I28|动词!D30:I30,
cannibalises,cannibalizes,verb,第三人称单数,true,true,动词!B28:G28|动词!B30:G30,
cannibalising,cannibalizing,verb,ing,true,true,动词!E28:J28|动词!E30:J30,
canonise,canonize,verb,原型,true,true,动词!A49:F49|动词!A52:F52,
canonised,canonized,verb,过去分词|过去时,true,true,动词!C49:H49|动词!C52:H52|动词!D49:I49|动词!D52:I52,
canonises,canonizes,verb,第三人称单数,true,true,动词!B49:G49|动词!B52:G52,
canonising,canonizing,verb,ing,true,true,动词!E49:J49|动词!E52:J52,
capitalisation,capitalization,noun,单数,true,true,名词!A303:C303|名词!A67:C67|名词!A70:C70,
capitalisations,capitalizations,noun,复数,true,true,名词!B303:D303|名词!B67:D67|名词!B70:D70,
capitalise,capitalize,verb,原型,true,true,动词!A29:F29|动词!A31:F31,
capitalised,capitalized,verb,过去分词|过去时,true,true,动词!C29:H29|动词!C31:H31|动词!D29:I29|动词!D31:I31,
capitalises,capitalizes,verb,第三人称单数,true,true,动词!B29:G29|动词!B31:G31,
capitalising,capitalizing,adjective|verb,ing|基本形式,true,true,动词!E29:J29|动词!E31:J31|形容词!A28:B28,
car park,parking lot,noun,单数,true,true,名词!A38:C38,
car parks,parking lots,noun,复数,true,true,名词!B38:D38,
caramelise,caramelize,verb,原型,true,true,动词!A30:F30|动词!A32:F32,
caramelised,caramelized,verb,过去分词|过去时,true,true,动词!C30:H30|动词!C32:H32|动词!D30:I30|动词!D32:I32,
caramelises,caramelizes,verb,第三人称单数,true,true,动词!B30:G30|动词!B32:G32,
caramelising,caramelizing,adjective|verb,ing|基本形式,true,true,动词!E30:J30|动词!E32:J32|形容词!A29:B29,
caravan,trailer,noun,单数,true,true,名词!A39:C39,
caravans,trailers,noun,复数,true,true,名词!B39:D39,
carbonise,carbonize,verb,原型,true,true,动词!A32:F32|动词!A34:F34,
carbonised,carbonized,verb,过去分词|过去时,true,true,动词!C32:H32|动词!C34:H34|动词!D32:I32|动词!D34:I34,
carbonises,carbonizes,verb,第三人称单数,true,true,动词!B32:G32|动词!B34:G34,
carbonising,carbonizing,verb,ing,true,true,动词!E32:J32|动词!E34:J34,
caretaker,janitor,noun,单数,true,true,名词!A37:C37,
caretakers,janitors,noun,复数,true,true,名词!B37:D37,
cashpoint,atm,noun,单数,true,true,名词!A40:C40,
cashpoints,atms,noun,复数,true,true,名词!B40:D40,
catalogue,catalog,noun|verb,单数|原型,true,true,动词!A277:F277|动词!A281:F281|动词!A288:F288|名词!A304:C304|名词!A68:C68|名词!A71:C71,
catalogued,cataloged,verb,过去分词|过去时,true,true,动词!C277:H277|动词!C281:H281|动词!C288:H288|动词!D277:I277|动词!D281:I281|动词!D288:I288,
catalogues,catalogs,noun|verb,复数|第三人称单数,true,true,动词!B277:G277|动词!B281:G281|动词!B288:G288|名词!B304:D304|名词!B68:D68|名词!B71:D71,
cataloguing,cataloging,verb,ing,true,true,动词!E277:J277|动词!E281:J281|动词!E288:J288,
catapult,slingshot,noun,单数,true,true,名词!A41:C41,
catapults,slingshots,noun,复数,true,true,名词!B41:D41,
categorise,categorize,verb,原型,true,true,动词!A50:F50|动词!A53:F53,
categorised,categorized,verb,过去分词|过去时,true,true,动词!C50:H50|动词!C53:H53|动词!D50:I50|动词!D53:I53,
categorises,categorizes,verb,第三人称单数,true,true,动词!B50:G50|动词!B53:G53,
categorising,categorizing,adjective|verb,ing|基本形式,true,true,动词!E50:J50|动词!E53:J53|形容词!A30:B30,
cauterise,cauterize,verb,原型,true,true,动词!A33:F33|动词!A35:F35,
cauterised,cauterized,verb,过去分词|过去时,true,true,动词!C33:H33|动词!C35:H35|动词!D33:I33|动词!D35:I35,
cauterises,cauterizes,verb,第三人称单数,true,true,动词!B33:G33|动词!B35:G35,
cauterising,cauterizing,adjective|verb,ing|基本形式,true,true,动词!E33:J33|动词!E35:J35|形容词!A31:B31,
cavilling,caviling,noun,单数,true,true,名词!A305:C305|名词!A69:C69|名词!A72:C72,
cavillings,cavilings,noun,复数,true,true,名词!B305:D305|名词!B69:D69|名词!B72:D72,
centimetre,centimeter,noun,单数,true,true,名词!A308:C308|名词!A72:C72|名词!A75:C75,
centimetres,centimeters,noun,复数,true,true,名词!B308:D308|名词!B72:D72|名词!B75:D75,
central reservation,median,noun,单数,true,true,名词!A42:C42,
central reservations,medians,noun,复数,true,true,名词!B42:D42,
centralise,centralize,verb,原型,true,true,动词!A34:F34|动词!A36:F36,
centralised,centralized,verb,过去分词|过去时,true,true,动词!C34:H34|动词!C36:H36|动词!D34:I34|动词!D36:I36,
centralises,centralizes,verb,第三人称单数,true,true,动词!B34:G34|动词!B36:G36,
centralising,centralizing,adjective|verb,ing|基本形式,true,true,动词!E34:J34|动词!E36:J36|形容词!A32:B32,
centre,center,noun|verb,单数|原型,true,true,动词!A269:F269|动词!A273:F273|动词!A281:F281|名词!A306:C306|名词!A70:C70|名词!A73:C73,
centred,centered,verb,过去分词|过去时,true,true,动词!C269:H269|动词!C273:H273|动词!C281:H281|动词!D269:I269|动词!D273:I273|动词!D281:I281,
centrefold,centerfold,noun,单数,true,true,名词!A307:C307|名词!A71:C71|名词!A74:C74,
centrefolds,centerfolds,noun,复数,true,true,名词!B307:D307|名词!B71:D71|名词!B74:D74,
centres,centers,noun|verb,复数|第三人称单数,true,true,动词!B269:G269|动词!B273:G273|动词!B281:G281|名词!B306:D306|名词!B70:D70|名词!B73:D73,
centring,centering,verb,ing,true,true,动词!E269:J269|动词!E273:J273|动词!E281:J281,
channelise,channelize,verb,原型,true,true,动词!A36:F36|动词!A38:F38,
channelised,channelized,verb,过去分词|过去时,true,true,动词!C36:H36|动词!C38:H38|动词!D36:I36|动词!D38:I38,
channelises,channelizes,verb,第三人称单数,true,true,动词!B36:G36|动词!B38:G38,
channelising,channelizing,verb,ing,true,true,动词!E36:J36|动词!E38:J38,
channelled,channeled,verb,过去分词|过去时,true,true,动词!C39:H39|动词!D39:I39,
channelling,channeling,verb,ing,true,true,动词!E39:J39,
characterise,characterize,verb,原型,true,true,动词!A35:F35|动词!A37:F37,
characterised,characterized,verb,过去分词|过去时,true,true,动词!C35:H35|动词!C37:H37|动词!D35:I35|动词!D37:I37,
characterises,characterizes,verb,第三人称单数,true,true,动词!B35:G35|动词!B37:G37,
characterising,characterizing,adjective|verb,ing|基本形式,true,true,动词!E35:J35|动词!E37:J37|形容词!A33:B33,
chemist,drugstore,noun,单数,true,true,名词!A43:C43,
chemists,drugstores,noun,复数,true,true,名词!B43:D43,
cheque,check,noun,单数,true,false,名词!A309:C309|名词!A44:C44|名词!A76:C76,美式源词存在多个英式目标，已禁用美转英
chequebook,checkbook,noun,单数,true,true,名词!A310:C310|名词!A45:C45|名词!A73:C73|名词!A77:C77,
chequebooks,checkbooks,noun,复数,true,true,名词!B310:D310|名词!B45:D45|名词!B73:D73|名词!B77:D77,
chequerboard,checkerboard,noun,单数,true,true,名词!A46:C46|名词!A4:C4|名词!A6:C6,
chequerboards,checkerboards,noun,复数,true,true,名词!B46:D46|名词!B4:D4|名词!B6:D6,
chequered,checkered,adjective,基本形式,true,true,形容词!A34:B34,
cheques,checks,noun,复数,true,false,名词!B309:D309|名词!B44:D44|名词!B76:D76,美式源词存在多个英式目标，已禁用美转英
chequy,checky,adjective,基本形式,true,true,形容词!A35:B35,
chips,french fries,noun,单数|复数,true,true,名词!A47:C47|名词!B47:D47,
chiselled,chiseled,adjective,基本形式,true,true,形容词!A36:B36,
chiselling,chiseling,adjective,基本形式,true,true,形容词!A37:B37,
cinema,movie theater,noun,单数,true,true,名词!A48:C48,
cinemas,movie theaters,noun,复数,true,true,名词!B48:D48,
circularise,circularize,verb,原型,true,true,动词!A38:F38|动词!A41:F41,
circularised,circularized,verb,过去分词|过去时,true,true,动词!C38:H38|动词!C41:H41|动词!D38:I38|动词!D41:I41,
circularises,circularizes,verb,第三人称单数,true,true,动词!B38:G38|动词!B41:G41,
circularising,circularizing,adjective|verb,ing|基本形式,true,true,动词!E38:J38|动词!E41:J41|形容词!A38:B38,
civilisation,civilization,noun,单数,true,true,名词!A311:C311|名词!A74:C74|名词!A78:C78,
civilisations,civilizations,noun,复数,true,true,名词!B311:D311|名词!B74:D74|名词!B78:D78,
civilise,civilize,verb,原型,true,true,动词!A37:F37|动词!A40:F40,
civilised,civilized,verb,过去分词|过去时,true,true,动词!C37:H37|动词!C40:H40|动词!D37:I37|动词!D40:I40,
civilises,civilizes,verb,第三人称单数,true,true,动词!B37:G37|动词!B40:G40,
civilising,civilizing,adjective|verb,ing|基本形式,true,true,动词!E37:J37|动词!E40:J40|形容词!A39:B39,
clamour,clamor,noun|verb,单数|原型,true,true,动词!A286:F286|动词!A290:F290|动词!A298:F298|名词!A312:C312|名词!A75:C75|名词!A79:C79,
clamoured,clamored,verb,过去分词|过去时,true,true,动词!C286:H286|动词!C290:H290|动词!C298:H298|动词!D286:I286|动词!D290:I290|动词!D298:I298,
clamouring,clamoring,verb,ing,true,true,动词!E286:J286|动词!E290:J290|动词!E298:J298,
clamours,clamors,noun|verb,复数|第三人称单数,true,true,动词!B286:G286|动词!B290:G290|动词!B298:G298|名词!B312:D312|名词!B75:D75|名词!B79:D79,
clingfilm,plastic wrap,noun,单数,true,true,名词!A49:C49,
clingfilms,plastic wraps,noun,复数,true,true,名词!B49:D49,
clothes peg,clothespin,noun,单数,true,true,名词!A50:C50,
clothes pegs,clothespins,noun,复数,true,true,名词!B50:D50,
coach,bus,noun,单数,true,true,名词!A51:C51,
coaches,buses,noun,复数,true,true,名词!B51:D51,
cocktail stick,toothpick,noun,单数,true,true,名词!A52:C52,
cocktail sticks,toothpicks,noun,复数,true,true,名词!B52:D52,
cognise,cognize,verb,原型,true,true,动词!A52:F52|动词!A55:F55,
cognised,cognized,verb,过去分词|过去时,true,true,动词!C52:H52|动词!C55:H55|动词!D52:I52|动词!D55:I55,
cognises,cognizes,verb,第三人称单数,true,true,动词!B52:G52|动词!B55:G55,
cognising,cognizing,verb,ing,true,true,动词!E52:J52|动词!E55:J55,
colonisation,colonization,noun,单数,true,true,名词!A313:C313|名词!A76:C76|名词!A80:C80,
colonisations,colonizations,noun,复数,true,true,名词!B313:D313|名词!B76:D76|名词!B80:D80,
colonise,colonize,verb,原型,true,true,动词!A39:F39|动词!A42:F42,
colonised,colonized,verb,过去分词|过去时,true,true,动词!C39:H39|动词!C42:H42|动词!D39:I39|动词!D42:I42,
colonises,colonizes,verb,第三人称单数,true,true,动词!B39:G39|动词!B42:G42,
colonising,colonizing,adjective|verb,ing|基本形式,true,true,动词!E39:J39|动词!E42:J42|形容词!A40:B40,
colour,color,noun|verb,单数|原型,true,true,动词!A279:F279|动词!A283:F283|动词!A291:F291|名词!A314:C314|名词!A77:C77|名词!A81:C81,
coloured,colored,verb,过去分词|过去时,true,true,动词!C279:H279|动词!C283:H283|动词!C291:H291|动词!D279:I279|动词!D283:I283|动词!D291:I291,
colourfast,colorfast,adjective,基本形式,true,true,形容词!A41:B41,
colourful,colorful,adjective,基本形式,true,true,形容词!A42:B42,
colourfully,colorfully,adverb,基本形式,true,true,副词!A4:B4,
colouring,coloring,verb,ing,true,true,动词!E279:J279|动词!E283:J283|动词!E291:J291,
colourless,colorless,adjective,基本形式,true,true,形容词!A43:B43,
colours,colors,noun|verb,复数|第三人称单数,true,true,动词!B279:G279|动词!B283:G283|动词!B291:G291|名词!B314:D314|名词!B77:D77|名词!B81:D81,
comforter,quilt,noun,单数,true,true,名词!A53:C53,
comforters,quilts,noun,复数,true,true,名词!B53:D53,
commercialisation,commercialization,noun,单数,true,true,名词!A81:C81,
commercialise,commercialize,verb,原型,true,true,动词!A40:F40|动词!A43:F43,
commercialised,commercialized,verb,过去分词|过去时,true,true,动词!C40:H40|动词!C43:H43|动词!D40:I40|动词!D43:I43,
commercialises,commercializes,verb,第三人称单数,true,true,动词!B40:G40|动词!B43:G43,
commercialising,commercializing,adjective|verb,ing|基本形式,true,true,动词!E40:J40|动词!E43:J43|形容词!A44:B44,
commode,dresser,noun,单数,true,true,名词!A54:C54,
commodes,dressers,noun,复数,true,true,名词!B54:D54,
compartmentalise,compartmentalize,verb,原型,true,true,动词!A41:F41|动词!A44:F44,
compartmentalised,compartmentalized,verb,过去分词|过去时,true,true,动词!C41:H41|动词!C44:H44|动词!D41:I41|动词!D44:I44,
compartmentalises,compartmentalizes,verb,第三人称单数,true,true,动词!B41:G41|动词!B44:G44,
compartmentalising,compartmentalizing,adjective|verb,ing|基本形式,true,true,动词!E41:J41|动词!E44:J44|形容词!A45:B45,
computerise,computerize,verb,原型,true,true,动词!A42:F42|动词!A45:F45,
computerised,computerized,verb,过去分词|过去时,true,true,动词!C42:H42|动词!C45:H45|动词!D42:I42|动词!D45:I45,
computerises,computerizes,verb,第三人称单数,true,true,动词!B42:G42|动词!B45:G45,
computerising,computerizing,adjective|verb,ing|基本形式,true,true,动词!E42:J42|动词!E45:J45|形容词!A46:B46,
compère,host,noun,单数,true,true,名词!A55:C55,
compères,hosts,noun,复数,true,true,名词!B55:D55,
conceptualise,conceptualize,verb,原型,true,true,动词!A43:F43|动词!A46:F46,
conceptualised,conceptualized,verb,过去分词|过去时,true,true,动词!C43:H43|动词!C46:H46|动词!D43:I43|动词!D46:I46,
conceptualises,conceptualizes,verb,第三人称单数,true,true,动词!B43:G43|动词!B46:G46,
conceptualising,conceptualizing,adjective|verb,ing|基本形式,true,true,动词!E43:J43|动词!E46:J46|形容词!A47:B47,
connexion,connection,noun,单数,true,true,名词!A315:C315|名词!A78:C78|名词!A82:C82,
connexions,connections,noun,复数,true,true,名词!B315:D315|名词!B78:D78|名词!B82:D82,
contextualise,contextualize,verb,原型,true,true,动词!A44:F44|动词!A47:F47,
contextualised,contextualized,verb,过去分词|过去时,true,true,动词!C44:H44|动词!C47:H47|动词!D44:I44|动词!D47:I47,
contextualises,contextualizes,verb,第三人称单数,true,true,动词!B44:G44|动词!B47:G47,
contextualising,contextualizing,adjective|verb,ing|基本形式,true,true,动词!E44:J44|动词!E47:J47|形容词!A48:B48,
conventionalise,conventionalize,verb,原型,true,true,动词!A45:F45|动词!A48:F48,
conventionalised,conventionalized,verb,过去分词|过去时,true,true,动词!C45:H45|动词!C48:H48|动词!D45:I45|动词!D48:I48,
conventionalises,conventionalizes,verb,第三人称单数,true,true,动词!B45:G45|动词!B48:G48,
conventionalising,conventionalizing,adjective|verb,ing|基本形式,true,true,动词!E45:J45|动词!E48:J48|形容词!A49:B49,
cornflour,cornstarch,noun,单数,true,true,名词!A56:C56,
cornflours,cornstarches,noun,复数,true,true,名词!B56:D56,
cosiness,coziness,noun,单数,true,true,名词!A316:C316|名词!A79:C79|名词!A83:C83,
cosinesses,cozinesses,noun,复数,true,true,名词!B316:D316|名词!B79:D79|名词!B83:D83,
cot,crib,noun,单数,true,true,名词!A58:C58,
cots,cribs,noun,复数,true,true,名词!B58:D58,
cotton wool,absorbent cotton,noun,单数,true,true,名词!A57:C57,
cotton wools,absorbent cottons,noun,复数,true,true,名词!B57:D57,
council estate,housing project,noun,单数,true,true,名词!A59:C59,
council estates,housing projects,noun,复数,true,true,名词!B59:D59,
counselled,counseled,verb,过去分词|过去时,true,true,动词!C56:H56|动词!D56:I56,
counselling,counseling,verb,ing,true,true,动词!E56:J56,
counsellor,counselor,noun,单数,true,true,名词!A317:C317|名词!A80:C80|名词!A84:C84,
counsellors,counselors,noun,复数,true,true,名词!B317:D317|名词!B80:D80|名词!B84:D84,
counterfoil,stub,noun,单数,true,true,名词!A60:C60,
counterfoils,stubs,noun,复数,true,true,名词!B60:D60,
courgette,zucchini,noun,单数,true,true,名词!A61:C61,
courgettes,zucchinis,noun,复数,true,true,名词!B61:D61,
criminalise,criminalize,verb,原型,true,true,动词!A51:F51|动词!A54:F54,
criminalised,criminalized,verb,过去分词|过去时,true,true,动词!C51:H51|动词!C54:H54|动词!D51:I51|动词!D54:I54,
criminalises,criminalizes,verb,第三人称单数,true,true,动词!B51:G51|动词!B54:G54,
criminalising,criminalizing,adjective|verb,ing|基本形式,true,true,动词!E51:J51|动词!E54:J54|形容词!A50:B50,
crisps,potato chips,noun,单数|复数,true,false,名词!A62:C62|名词!B62:D62,美式源词存在多个英式目标，已禁用美转英
criticise,criticize,verb,原型,true,true,动词!A46:F46|动词!A49:F49,
criticised,criticized,verb,过去分词|过去时,true,true,动词!C46:H46|动词!C49:H49|动词!D46:I46|动词!D49:I49,
criticises,criticizes,verb,第三人称单数,true,true,动词!B46:G46|动词!B49:G49,
criticising,criticizing,adjective|verb,ing|基本形式,true,true,动词!E46:J46|动词!E49:J49|形容词!A51:B51,
crossroads,intersection,noun,单数,false,true,名词!A63:C63,英式源词存在多个美式目标，已禁用英转美
crossroads,intersections,noun,复数,false,true,名词!B63:D63,英式源词存在多个美式目标，已禁用英转美
crystallisation,crystallization,noun,单数,true,true,名词!A318:C318|名词!A82:C82|名词!A85:C85,
crystallisations,crystallizations,noun,复数,true,true,名词!B318:D318|名词!B82:D82|名词!B85:D85,
crystallise,crystallize,verb,原型,true,true,动词!A47:F47|动词!A50:F50,
crystallised,crystallized,verb,过去分词|过去时,true,true,动词!C47:H47|动词!C50:H50|动词!D47:I47|动词!D50:I50,
crystallises,crystallizes,verb,第三人称单数,true,true,动词!B47:G47|动词!B50:G50,
crystallising,crystallizing,adjective|verb,ing|基本形式,true,true,动词!E47:J47|动词!E50:J50|形容词!A52:B52,
customisation,customization,noun,单数,true,true,名词!A84:C84,
customise,customize,verb,原型,true,true,动词!A48:F48|动词!A51:F51,
customised,customized,verb,过去分词|过去时,true,true,动词!C48:H48|动词!C51:H51|动词!D48:I48|动词!D51:I51,
customises,customizes,verb,第三人称单数,true,true,动词!B48:G48|动词!B51:G51,
customising,customizing,adjective|verb,ing|基本形式,true,true,动词!E48:J48|动词!E51:J51|形容词!A53:B53,
cutleries,silverwares,noun,复数,true,true,名词!B65:D65,
cutlery,silverware,noun,单数,true,true,名词!A65:C65,
CV,resumé,noun,单数,true,true,名词!A64:C64,
CVs,resumés,noun,复数,true,true,名词!B64:D64,
cypher,cipher,noun,单数,true,true,名词!A319:C319|名词!A83:C83|名词!A86:C86,
cyphers,ciphers,noun,复数,true,true,名词!B319:D319|名词!B83:D83|名词!B86:D86,
dales,valleys,noun,单数|复数,true,true,名词!A66:C66|名词!B66:D66,
de-emphasise,deemphasize,verb,原型,true,true,动词!A74:F74|动词!A78:F78,
de-emphasised,deemphasized,verb,过去分词|过去时,true,true,动词!C74:H74|动词!C78:H78|动词!D74:I74|动词!D78:I78,
de-emphasises,deemphasizes,verb,第三人称单数,true,true,动词!B74:G74|动词!B78:G78,
de-emphasising,deemphasizing,verb,ing,true,true,动词!E74:J74|动词!E78:J78,
de-energise,de-energize,verb,原型,true,true,动词!A73:F73|动词!A77:F77,
de-energised,de-energized,verb,过去分词|过去时,true,true,动词!C73:H73|动词!C77:H77|动词!D73:I73|动词!D77:I77,
de-energises,de-energizes,verb,第三人称单数,true,true,动词!B73:G73|动词!B77:G77,
de-energising,de-energizing,verb,ing,true,true,动词!E73:J73|动词!E77:J77,
deaneries,dean's offices,noun,复数,true,true,名词!B67:D67,
deanery,dean's office,noun,单数,true,true,名词!A67:C67,
dear,sweetheart,noun,单数,true,true,名词!A68:C68,
dears,sweethearts,noun,复数,true,true,名词!B68:D68,
decarbonise,decarbonize,verb,原型,true,true,动词!A53:F53|动词!A57:F57,
decarbonised,decarbonized,verb,过去分词|过去时,true,true,动词!C53:H53|动词!C57:H57|动词!D53:I53|动词!D57:I57,
decarbonises,decarbonizes,verb,第三人称单数,true,true,动词!B53:G53|动词!B57:G57,
decarbonising,decarbonizing,verb,ing,true,true,动词!E53:J53|动词!E57:J57,
decentralise,decentralize,verb,原型,true,true,动词!A54:F54|动词!A58:F58,
decentralised,decentralized,verb,过去分词|过去时,true,true,动词!C54:H54|动词!C58:H58|动词!D54:I54|动词!D58:I58,
decentralises,decentralizes,verb,第三人称单数,true,true,动词!B54:G54|动词!B58:G58,
decentralising,decentralizing,adjective|verb,ing|基本形式,true,true,动词!E54:J54|动词!E58:J58|形容词!A58:B58,
decolonise,decolonize,verb,原型,true,true,动词!A55:F55|动词!A59:F59,
decolonised,decolonized,verb,过去分词|过去时,true,true,动词!C55:H55|动词!C59:H59|动词!D55:I55|动词!D59:I59,
decolonises,decolonizes,verb,第三人称单数,true,true,动词!B55:G55|动词!B59:G59,
decolonising,decolonizing,verb,ing,true,true,动词!E55:J55|动词!E59:J59,
decolorisation,decolorization,noun,单数,true,true,名词!A95:C95,
decriminalisation,decriminalization,noun,单数,true,true,名词!A320:C320|名词!A85:C85|名词!A87:C87,
decriminalisations,decriminalizations,noun,复数,true,true,名词!B320:D320|名词!B85:D85|名词!B87:D87,
decriminalise,decriminalize,verb,原型,true,true,动词!A56:F56|动词!A60:F60,
decriminalised,decriminalized,verb,过去分词|过去时,true,true,动词!C56:H56|动词!C60:H60|动词!D56:I56|动词!D60:I60,
decriminalises,decriminalizes,verb,第三人称单数,true,true,动词!B56:G56|动词!B60:G60,
decriminalising,decriminalizing,adjective|verb,ing|基本形式,true,true,动词!E56:J56|动词!E60:J60|形容词!A59:B59,
defence,defense,noun,单数,true,true,名词!A321:C321|名词!A86:C86|名词!A88:C88,
defencelessness,defenselessness,noun,单数,true,true,名词!A322:C322|名词!A87:C87|名词!A89:C89,
defencelessnesses,defenselessnesses,noun,复数,true,true,名词!B322:D322|名词!B87:D87|名词!B89:D89,
defences,defenses,noun,复数,true,true,名词!B321:D321|名词!B86:D86|名词!B88:D88,
dehumanise,dehumanize,verb,原型,true,true,动词!A57:F57|动词!A61:F61,
dehumanised,dehumanized,verb,过去分词|过去时,true,true,动词!C57:H57|动词!C61:H61|动词!D57:I57|动词!D61:I61,
dehumanises,dehumanizes,verb,第三人称单数,true,true,动词!B57:G57|动词!B61:G61,
dehumanising,dehumanizing,adjective|verb,ing|基本形式,true,true,动词!E57:J57|动词!E61:J61|形容词!A60:B60,
deindustrialise,deindustrialize,verb,原型,true,true,动词!A72:F72|动词!A76:F76,
deindustrialised,deindustrialized,verb,过去分词|过去时,true,true,动词!C72:H72|动词!C76:H76|动词!D72:I72|动词!D76:I76,
deindustrialises,deindustrializes,verb,第三人称单数,true,true,动词!B72:G72|动词!B76:G76,
deindustrialising,deindustrializing,verb,ing,true,true,动词!E72:J72|动词!E76:J76,
deionise,deionize,verb,原型,true,true,动词!A58:F58|动词!A62:F62,
deionised,deionized,verb,过去分词|过去时,true,true,动词!C58:H58|动词!C62:H62|动词!D58:I58|动词!D62:I62,
deionises,deionizes,verb,第三人称单数,true,true,动词!B58:G58|动词!B62:G62,
deionising,deionizing,verb,ing,true,true,动词!E58:J58|动词!E62:J62,
demeanour,demeanor,noun,单数,true,true,名词!A323:C323|名词!A88:C88|名词!A90:C90,
demeanours,demeanors,noun,复数,true,true,名词!B323:D323|名词!B88:D88|名词!B90:D90,
demilitarise,demilitarize,verb,原型,true,true,动词!A59:F59|动词!A63:F63,
demilitarised,demilitarized,verb,过去分词|过去时,true,true,动词!C59:H59|动词!C63:H63|动词!D59:I59|动词!D63:I63,
demilitarises,demilitarizes,verb,第三人称单数,true,true,动词!B59:G59|动词!B63:G63,
demilitarising,demilitarizing,verb,ing,true,true,动词!E59:J59|动词!E63:J63,
demister,defroster,noun,单数,true,true,名词!A69:C69,
demisters,defrosters,noun,复数,true,true,名词!B69:D69,
demobilised,demobilized,adjective,基本形式,true,true,形容词!A61:B61,
demobilising,demobilizing,adjective,基本形式,true,true,形容词!A62:B62,
democratisation,democratization,noun,单数,true,true,名词!A324:C324|名词!A89:C89|名词!A91:C91,
democratisations,democratizations,noun,复数,true,true,名词!B324:D324|名词!B89:D89|名词!B91:D91,
democratise,democratize,verb,原型,true,true,动词!A60:F60|动词!A64:F64,
democratised,democratized,verb,过去分词|过去时,true,true,动词!C60:H60|动词!C64:H64|动词!D60:I60|动词!D64:I64,
democratises,democratizes,verb,第三人称单数,true,true,动词!B60:G60|动词!B64:G64,
democratising,democratizing,verb,ing,true,true,动词!E60:J60|动词!E64:J64,
demonise,demonize,verb,原型,true,true,动词!A61:F61|动词!A65:F65,
demonised,demonized,verb,过去分词|过去时,true,true,动词!C61:H61|动词!C65:H65|动词!D61:I61|动词!D65:I65,
demonises,demonizes,verb,第三人称单数,true,true,动词!B61:G61|动词!B65:G65,
demonising,demonizing,verb,ing,true,true,动词!E61:J61|动词!E65:J65,
demoralisation,demoralization,noun,单数,false,true,名词!A325:C325|名词!A90:C90|名词!A92:C92,英式源词存在多个美式目标，已禁用英转美
demoralisation,demoralizations,noun,复数,false,true,名词!B325:D325|名词!B90:D90|名词!B92:D92,英式源词存在多个美式目标，已禁用英转美
demoralised,demoralized,adjective,基本形式,true,true,形容词!A54:B54,
demoralising,demoralizing,adjective,基本形式,true,true,形容词!A55:B55,
demythologised,demythologized,adjective,基本形式,true,true,形容词!A56:B56,
demythologising,demythologizing,adjective,基本形式,true,true,形容词!A57:B57,
denationalise,denationalize,verb,原型,true,true,动词!A62:F62|动词!A66:F66,
denationalised,denationalized,verb,过去分词|过去时,true,true,动词!C62:H62|动词!C66:H66|动词!D62:I62|动词!D66:I66,
denationalises,denationalizes,verb,第三人称单数,true,true,动词!B62:G62|动词!B66:G66,
denationalising,denationalizing,verb,ing,true,true,动词!E62:J62|动词!E66:J66,
denormalise,denormalize,verb,原型,true,true,动词!A63:F63|动词!A67:F67,
denormalised,denormalized,verb,过去分词|过去时,true,true,动词!C63:H63|动词!C67:H67|动词!D63:I63|动词!D67:I67,
denormalises,denormalizes,verb,第三人称单数,true,true,动词!B63:G63|动词!B67:G67,
denormalising,denormalizing,verb,ing,true,true,动词!E63:J63|动词!E67:J67,
deodorise,deodorize,verb,原型,true,true,动词!A64:F64|动词!A68:F68,
deodorised,deodorized,verb,过去分词|过去时,true,true,动词!C64:H64|动词!C68:H68|动词!D64:I64|动词!D68:I68,
deodorises,deodorizes,verb,第三人称单数,true,true,动词!B64:G64|动词!B68:G68,
deodorising,deodorizing,adjective|verb,ing|基本形式,true,true,动词!E64:J64|动词!E68:J68|形容词!A63:B63,
dependences,dependencies,noun,复数,true,true,名词!B326:D326|名词!B91:D91|名词!B93:D93,
depersonalisation,depersonalization,noun,单数,false,true,名词!A327:C327|名词!A92:C92|名词!A94:C94,英式源词存在多个美式目标，已禁用英转美
depersonalisation,depersonalizations,noun,复数,false,true,名词!B327:D327|名词!B92:D92|名词!B94:D94,英式源词存在多个美式目标，已禁用英转美
depersonalise,depersonalize,verb,原型,true,true,动词!A65:F65|动词!A69:F69,
depersonalised,depersonalized,verb,过去分词|过去时,true,true,动词!C65:H65|动词!C69:H69|动词!D65:I65|动词!D69:I69,
depersonalises,depersonalizes,verb,第三人称单数,true,true,动词!B65:G65|动词!B69:G69,
depersonalising,depersonalizing,adjective|verb,ing|基本形式,true,true,动词!E65:J65|动词!E69:J69|形容词!A64:B64,
depolarised,depolarized,adjective,基本形式,true,true,形容词!A65:B65,
depolarising,depolarizing,adjective,基本形式,true,true,形容词!A66:B66,
depoliticise,depoliticize,verb,原型,true,true,动词!A66:F66|动词!A70:F70,
depoliticised,depoliticized,verb,过去分词|过去时,true,true,动词!C66:H66|动词!C70:H70|动词!D66:I66|动词!D70:I70,
depoliticises,depoliticizes,verb,第三人称单数,true,true,动词!B66:G66|动词!B70:G70,
depoliticising,depoliticizing,verb,ing,true,true,动词!E66:J66|动词!E70:J70,
depressurise,depressurize,verb,原型,true,true,动词!A67:F67|动词!A71:F71,
depressurised,depressurized,verb,过去分词|过去时,true,true,动词!C67:H67|动词!C71:H71|动词!D67:I67|动词!D71:I71,
depressurises,depressurizes,verb,第三人称单数,true,true,动词!B67:G67|动词!B71:G71,
depressurising,depressurizing,adjective|verb,ing|基本形式,true,true,动词!E67:J67|动词!E71:J71|形容词!A67:B67,
deputise,deputize,verb,原型,true,true,动词!A68:F68|动词!A72:F72,
deputised,deputized,verb,过去分词|过去时,true,true,动词!C68:H68|动词!C72:H72|动词!D68:I68|动词!D72:I72,
deputises,deputizes,verb,第三人称单数,true,true,动词!B68:G68|动词!B72:G72,
deputising,deputizing,verb,ing,true,true,动词!E68:J68|动词!E72:J72,
deradicalise,deradicalize,verb,原型,true,true,动词!A69:F69|动词!A73:F73,
deradicalised,deradicalized,verb,过去分词|过去时,true,true,动词!C69:H69|动词!C73:H73|动词!D69:I69|动词!D73:I73,
deradicalises,deradicalizes,verb,第三人称单数,true,true,动词!B69:G69|动词!B73:G73,
deradicalising,deradicalizing,verb,ing,true,true,动词!E69:J69|动词!E73:J73,
derecognise,derecognize,verb,原型,true,true,动词!A80:F80,
derecognised,derecognized,verb,过去分词|过去时,true,true,动词!C80:H80|动词!D80:I80,
derecognises,derecognizes,verb,第三人称单数,true,true,动词!B80:G80,
derecognising,derecognizing,verb,ing,true,true,动词!E80:J80,
desensitisation,desensitization,noun,单数,true,true,名词!A94:C94,
desensitise,desensitize,verb,原型,true,true,动词!A70:F70|动词!A74:F74,
desensitised,desensitized,verb,过去分词|过去时,true,true,动词!C70:H70|动词!C74:H74|动词!D70:I70|动词!D74:I74,
desensitises,desensitizes,verb,第三人称单数,true,true,动词!B70:G70|动词!B74:G74,
desensitising,desensitizing,adjective|verb,ing|基本形式,true,true,动词!E70:J70|动词!E74:J74|形容词!A68:B68,
destabilisation,destabilization,noun,单数,true,true,名词!A328:C328|名词!A93:C93|名词!A95:C95,
destabilisations,destabilizations,noun,复数,true,true,名词!B328:D328|名词!B93:D93|名词!B95:D95,
destabilise,destabilize,verb,原型,true,true,动词!A71:F71|动词!A75:F75,
destabilised,destabilized,verb,过去分词|过去时,true,true,动词!C71:H71|动词!C75:H75|动词!D71:I71|动词!D75:I75,
destabilises,destabilizes,verb,第三人称单数,true,true,动词!B71:G71|动词!B75:G75,
destabilising,destabilizing,adjective|verb,ing|基本形式,true,true,动词!E71:J71|动词!E75:J75|形容词!A69:B69,
desulphurisation,desulfurization,noun,单数,true,true,名词!A96:C96,
desulphurise,desulfurize,verb,原型,true,true,动词!A79:F79,
desulphurised,desulfurized,verb,过去分词|过去时,true,true,动词!C79:H79|动词!D79:I79,
desulphurises,desulfurizes,verb,第三人称单数,true,true,动词!B79:G79,
desulphurising,desulfurizing,verb,ing,true,true,动词!E79:J79,
detergent powder,laundry detergent,noun,单数,true,true,名词!A70:C70,
detergent powders,laundry detergents,noun,复数,true,true,名词!B70:D70,
dialled,dialed,adjective|verb,基本形式|过去分词|过去时,true,true,动词!C290:H290|动词!D290:I290|形容词!A70:B70,
dialling,dialing,adjective|verb,ing|基本形式,true,true,动词!E290:J290|形容词!A71:B71,
dialling tone,dial tone,noun,单数,true,true,名词!A71:C71,
dialling tones,dial tones,noun,复数,true,true,名词!B71:D71,
dialogue,dialog,verb,原型,true,true,动词!A278:F278|动词!A282:F282|动词!A289:F289,
dialogued,dialoged,verb,过去分词|过去时,true,true,动词!C278:H278|动词!C282:H282|动词!C289:H289|动词!D278:I278|动词!D282:I282|动词!D289:I289,
dialogues,dialogs,verb,第三人称单数,true,true,动词!B278:G278|动词!B282:G282|动词!B289:G289,
dialoguing,dialoging,verb,ing,true,true,动词!E278:J278|动词!E282:J282|动词!E289:J289,
dickey,trunk,noun,单数,true,false,名词!A72:C72,美式源词存在多个英式目标，已禁用美转英
dickeys,trunks,noun,复数,true,false,名词!B72:D72,美式源词存在多个英式目标，已禁用美转英
digestive biscuit,cracker cookies,noun,单数,true,false,名词!A73:C73,美式源词存在多个英式目标，已禁用美转英
digestive biscuits,cracker cookies,noun,复数,true,false,名词!B73:D73,美式源词存在多个英式目标，已禁用美转英
digitalisation,digitalization,noun,单数,true,true,名词!A98:C98,
digitisation,digitization,noun,单数,true,true,名词!A329:C329|名词!A96:C96|名词!A97:C97,
digitisations,digitizations,noun,复数,true,true,名词!B329:D329|名词!B96:D96|名词!B97:D97,
digitise,digitize,verb,原型,true,true,动词!A75:F75|动词!A81:F81,
digitised,digitized,verb,过去分词|过去时,true,true,动词!C75:H75|动词!C81:H81|动词!D75:I75|动词!D81:I81,
digitises,digitizes,verb,第三人称单数,true,true,动词!B75:G75|动词!B81:G81,
digitising,digitizing,adjective|verb,ing|基本形式,true,true,动词!E75:J75|动词!E81:J81|形容词!A72:B72,
dinning car,dining car,noun,单数,true,true,名词!A74:C74,
direct debit,automatic payment,noun,单数,true,true,名词!A75:C75,
direct debits,automatic payments,noun,复数,true,true,名词!B75:D75,
disc,disk,noun,单数,true,true,名词!A330:C330|名词!A97:C97|名词!A99:C99,
discolour,discolor,noun,单数,true,true,名词!A100:C100|名词!A331:C331|名词!A98:C98,
discoloured,discolored,adjective,基本形式,true,true,形容词!A73:B73,
discolours,discolors,noun,复数,true,true,名词!B100:D100|名词!B331:D331|名词!B98:D98,
discretise,discretize,verb,原型,true,true,动词!A77:F77|动词!A83:F83,
discretised,discretized,verb,过去分词|过去时,true,true,动词!C77:H77|动词!C83:H83|动词!D77:I77|动词!D83:I83,
discretises,discretizes,verb,第三人称单数,true,true,动词!B77:G77|动词!B83:G83,
discretising,discretizing,verb,ing,true,true,动词!E77:J77|动词!E83:J83,
discs,disks,noun,复数,true,true,名词!B330:D330|名词!B97:D97|名词!B99:D99,
disfavourable,disfavorable,adjective,基本形式,true,true,形容词!A74:B74,
disfavoured,disfavored,adjective,基本形式,true,true,形容词!A75:B75,
disharmonised,disharmonized,adjective,基本形式,true,true,形容词!A76:B76,
disharmonising,disharmonizing,adjective,基本形式,true,true,形容词!A77:B77,
disorganise,disorganize,verb,原型,true,true,动词!A76:F76|动词!A82:F82,
disorganised,disorganized,verb,过去分词|过去时,true,true,动词!C76:H76|动词!C82:H82|动词!D76:I76|动词!D82:I82,
disorganises,disorganizes,verb,第三人称单数,true,true,动词!B76:G76|动词!B82:G82,
disorganising,disorganizing,adjective|verb,ing|基本形式,true,true,动词!E76:J76|动词!E82:J82|形容词!A78:B78,
distil,distill,verb,原型,true,true,动词!A259:F259|动词!A263:F263|动词!A271:F271,
distils,distills,verb,第三人称单数,true,true,动词!B259:G259|动词!B263:G263|动词!B271:G271,
diversion,detour,noun,单数,true,true,名词!A76:C76,
diversions,detours,noun,复数,true,true,名词!B76:D76,
doctor's surgeries,doctor's offices,noun,复数,true,true,名词!B77:D77,
doctor's surgery,doctor's office,noun,单数,true,true,名词!A77:C77,
dogmatise,dogmatize,verb,原型,true,true,动词!A78:F78|动词!A84:F84,
dogmatised,dogmatized,verb,过去分词|过去时,true,true,动词!C78:H78|动词!C84:H84|动词!D78:I78|动词!D84:I84,
dogmatises,dogmatizes,verb,第三人称单数,true,true,动词!B78:G78|动词!B84:G84,
dogmatising,dogmatizing,verb,ing,true,true,动词!E78:J78|动词!E84:J84,
dramatisation,dramatization,noun,单数,true,true,名词!A101:C101|名词!A103:C103|名词!A334:C334,
dramatisations,dramatizations,noun,复数,true,true,名词!B101:D101|名词!B103:D103|名词!B334:D334,
dramatise,dramatize,verb,原型,true,true,动词!A79:F79|动词!A85:F85,
dramatised,dramatized,verb,过去分词|过去时,true,true,动词!C79:H79|动词!C85:H85|动词!D79:I79|动词!D85:I85,
dramatises,dramatizes,verb,第三人称单数,true,true,动词!B79:G79|动词!B85:G85,
dramatising,dramatizing,adjective|verb,ing|基本形式,true,true,动词!E79:J79|动词!E85:J85|形容词!A79:B79,
draught,draft,noun,单数,true,true,名词!A102:C102|名词!A335:C335,
draught excluder,draft stopper,noun,单数,true,true,名词!A78:C78,
draught excluders,draft stoppers,noun,复数,true,true,名词!B78:D78,
draughtproof,draftproof,adjective,基本形式,true,true,形容词!A80:B80,
draughts,checkers,noun,单数|复数,false,true,名词!A79:C79|名词!B79:D79,英式源词存在多个美式目标，已禁用英转美
draughts,drafts,noun,复数,false,true,名词!B102:D102|名词!B335:D335,英式源词存在多个美式目标，已禁用英转美
drawing pin,thumbtack,noun,单数,true,true,名词!A80:C80,
drawing pins,thumbtacks,noun,复数,true,true,名词!B80:D80,
drivelling,driveling,noun,单数,true,true,名词!A103:C103|名词!A104:C104|名词!A336:C336,
drivellings,drivelings,noun,复数,true,true,名词!B103:D103|名词!B104:D104|名词!B336:D336,
driving licence,driver's license,noun,单数,true,true,名词!A81:C81,
driving licences,driver's licenses,noun,复数,true,true,名词!B81:D81,
dual carriageway,divided highway,noun,单数,true,true,名词!A82:C82,
dual carriageways,divided highways,noun,复数,true,true,名词!B82:D82,
dummies,pacifiers,noun,复数,true,true,名词!B83:D83,
dummy,pacifier,noun,单数,true,true,名词!A83:C83,
dustbin,garbage can,noun,单数,true,true,名词!A5:C5|名词!A7:C7|名词!A84:C84,
dustbins,garbage cans,noun,复数,true,true,名词!B5:D5|名词!B7:D7|名词!B84:D84,
dustcart,garbage truck,noun,单数,true,false,名词!A6:C6|名词!A85:C85|名词!A8:C8,美式源词存在多个英式目标，已禁用美转英
dustcarts,garbage trucks,noun,复数,true,false,名词!B6:D6|名词!B85:D85|名词!B8:D8,美式源词存在多个英式目标，已禁用美转英
earth,ground,noun,单数,true,true,名词!A86:C86,
earths,grounds,noun,复数,true,true,名词!B86:D86,
economise,economize,verb,原型,true,true,动词!A80:F80|动词!A86:F86,
economised,economized,verb,过去分词|过去时,true,true,动词!C80:H80|动词!C86:H86|动词!D80:I80|动词!D86:I86,
economises,economizes,verb,第三人称单数,true,true,动词!B80:G80|动词!B86:G86,
economising,economizing,adjective|verb,ing|基本形式,true,true,动词!E80:J80|动词!E86:J86|形容词!A81:B81,
editorialised,editorialized,adjective,基本形式,true,true,形容词!A82:B82,
editorialising,editorializing,adjective,基本形式,true,true,形容词!A83:B83,
electrolyse,electrolyze,verb,原型,true,true,动词!A81:F81|动词!A87:F87,
electrolysed,electrolyzed,verb,过去分词|过去时,true,true,动词!C81:H81|动词!C87:H87|动词!D81:I81|动词!D87:I87,
electrolyses,electrolyzes,verb,第三人称单数,true,true,动词!B81:G81|动词!B87:G87,
electrolysing,electrolyzing,verb,ing,true,true,动词!E81:J81|动词!E87:J87,
empathised,empathized,adjective,基本形式,true,true,形容词!A84:B84,
empathising,empathizing,adjective,基本形式,true,true,形容词!A85:B85,
emphasise,emphasize,verb,原型,true,true,动词!A82:F82|动词!A88:F88,
emphasised,emphasized,verb,过去分词|过去时,true,true,动词!C82:H82|动词!C88:H88|动词!D82:I82|动词!D88:I88,
emphasises,emphasizes,verb,第三人称单数,true,true,动词!B82:G82|动词!B88:G88,
emphasising,emphasizing,adjective|verb,ing|基本形式,true,true,动词!E82:J82|动词!E88:J88|形容词!A86:B86,
enamelled,enameled,adjective|noun,单数|基本形式|复数,true,true,名词!A104:C104|名词!A337:C337|名词!B104:D104|名词!B337:D337|形容词!A87:B87,
enamelling,enameling,adjective,基本形式,true,true,形容词!A88:B88,
encyclopaedic,encyclopedic,adjective,基本形式,true,true,形容词!A89:B89,
endeavour,endeavor,noun|verb,单数|原型,true,true,动词!A287:F287|动词!A291:F291|动词!A299:F299|名词!A105:C105|名词!A338:C338,
endeavoured,endeavored,verb,过去分词|过去时,true,true,动词!C287:H287|动词!C291:H291|动词!C299:H299|动词!D287:I287|动词!D291:I291|动词!D299:I299,
endeavouring,endeavoring,adjective|verb,ing|基本形式,true,true,动词!E287:J287|动词!E291:J291|动词!E299:J299|形容词!A90:B90,
endeavours,endeavors,noun|verb,复数|第三人称单数,true,true,动词!B287:G287|动词!B291:G291|动词!B299:G299|名词!B105:D105|名词!B338:D338,
energise,energize,verb,原型,true,true,动词!A84:F84|动词!A90:F90,
energised,energized,verb,过去分词|过去时,true,true,动词!C84:H84|动词!C90:H90|动词!D84:I84|动词!D90:I90,
energises,energizes,verb,第三人称单数,true,true,动词!B84:G84|动词!B90:G90,
energising,energizing,adjective|verb,ing|基本形式,true,true,动词!E84:J84|动词!E90:J90|形容词!A91:B91,
enquire,inquire,verb,原型,true,true,动词!A276:F276|动词!A280:F280|动词!A287:F287,
enquired,inquired,verb,过去分词|过去时,true,true,动词!C276:H276|动词!C280:H280|动词!C287:H287|动词!D276:I276|动词!D280:I280|动词!D287:I287,
enquires,inquires,verb,第三人称单数,true,true,动词!B276:G276|动词!B280:G280|动词!B287:G287,
enquiring,inquiring,verb,ing,true,true,动词!E276:J276|动词!E280:J280|动词!E287:J287,
enrol,enroll,verb,原型,true,true,动词!A256:F256|动词!A260:F260|动词!A268:F268,
enrolment,enrollment,noun,单数,true,true,名词!A106:C106|名词!A339:C339,
enrolments,enrollments,noun,复数,true,true,名词!B106:D106|名词!B339:D339,
enrols,enrolls,verb,第三人称单数,true,true,动词!B256:G256|动词!B260:G260|动词!B268:G268,
enthral,enthrall,verb,原型,true,true,动词!A260:F260|动词!A264:F264|动词!A272:F272,
enthrals,enthralls,verb,第三人称单数,true,true,动词!B260:G260|动词!B264:G264|动词!B272:G272,
epicentre,epicenter,noun,单数,true,true,名词!A107:C107|名词!A340:C340,
epicentres,epicenters,noun,复数,true,true,名词!B107:D107|名词!B340:D340,
epitomise,epitomize,verb,原型,true,true,动词!A86:F86|动词!A92:F92,
epitomised,epitomized,verb,过去分词|过去时,true,true,动词!C86:H86|动词!C92:H92|动词!D86:I86|动词!D92:I92,
epitomises,epitomizes,verb,第三人称单数,true,true,动词!B86:G86|动词!B92:G92,
epitomising,epitomizing,adjective|verb,ing|基本形式,true,true,动词!E86:J86|动词!E92:J92|形容词!A92:B92,
epoxidise,epoxidize,verb,原型,true,true,动词!A92:F92|动词!A98:F98,
epoxidised,epoxidized,verb,过去分词|过去时,true,true,动词!C92:H92|动词!C98:H98|动词!D92:I92|动词!D98:I98,
epoxidises,epoxidizes,verb,第三人称单数,true,true,动词!B92:G92|动词!B98:G98,
epoxidising,epoxidizing,verb,ing,true,true,动词!E92:J92|动词!E98:J98,
equalisation,equalization,noun,单数,true,true,名词!A108:C108|名词!A341:C341,
equalisations,equalizations,noun,复数,true,true,名词!B108:D108|名词!B341:D341,
equalise,equalize,verb,原型,true,true,动词!A85:F85|动词!A91:F91,
equalised,equalized,verb,过去分词|过去时,true,true,动词!C85:H85|动词!C91:H91|动词!D85:I85|动词!D91:I91,
equalises,equalizes,verb,第三人称单数,true,true,动词!B85:G85|动词!B91:G91,
equalising,equalizing,verb,ing,true,true,动词!E85:J85|动词!E91:J91,
equalisingly,equalizingly,adverb,基本形式,true,true,副词!A5:B5,
equalled,equaled,adjective,基本形式,true,true,形容词!A93:B93,
equalling,equaling,adjective,基本形式,true,true,形容词!A94:B94,
eroticise,eroticize,verb,原型,true,true,动词!A87:F87|动词!A93:F93,
eroticised,eroticized,verb,过去分词|过去时,true,true,动词!C87:H87|动词!C93:H93|动词!D87:I87|动词!D93:I93,
eroticises,eroticizes,verb,第三人称单数,true,true,动词!B87:G87|动词!B93:G93,
eroticising,eroticizing,verb,ing,true,true,动词!E87:J87|动词!E93:J93,
estate agent,real estate agent,noun,单数,true,true,名词!A87:C87,
estate agents,real estate agents,noun,复数,true,true,名词!B87:D87,
estate car,station wagon,noun,单数,true,true,名词!A88:C88,
estate cars,station wagons,noun,复数,true,true,名词!B88:D88,
esthete,esthetic,noun,单数,true,false,名词!A110:C110|名词!A343:C343,美式源词存在多个英式目标，已禁用美转英
etymologise,etymologize,verb,原型,true,true,动词!A88:F88|动词!A94:F94,
etymologised,etymologized,verb,过去分词|过去时,true,true,动词!C88:H88|动词!C94:H94|动词!D88:I88|动词!D94:I94,
etymologises,etymologizes,verb,第三人称单数,true,true,动词!B88:G88|动词!B94:G94,
etymologising,etymologizing,verb,ing,true,true,动词!E88:J88|动词!E94:J94,
eulogised,eulogized,adjective,基本形式,true,true,形容词!A95:B95,
eulogising,eulogizing,adjective,基本形式,true,true,形容词!A96:B96,
euthanise,euthanize,verb,原型,true,true,动词!A90:F90|动词!A96:F96,
euthanised,euthanized,verb,过去分词|过去时,true,true,动词!C90:H90|动词!C96:H96|动词!D90:I90|动词!D96:I96,
euthanises,euthanizes,verb,第三人称单数,true,true,动词!B90:G90|动词!B96:G96,
euthanising,euthanizing,verb,ing,true,true,动词!E90:J90|动词!E96:J96,
evangelise,evangelize,verb,原型,true,true,动词!A89:F89|动词!A95:F95,
evangelised,evangelized,verb,过去分词|过去时,true,true,动词!C89:H89|动词!C95:H95|动词!D89:I89|动词!D95:I95,
evangelises,evangelizes,verb,第三人称单数,true,true,动词!B89:G89|动词!B95:G95,
evangelising,evangelizing,adjective|verb,ing|基本形式,true,true,动词!E89:J89|动词!E95:J95|形容词!A97:B97,
exam revision,exam review,noun,单数,true,true,名词!A89:C89,
exam revisions,exam reviews,noun,复数,true,true,名词!B89:D89,
extension lead,extension cord,noun,单数,true,true,名词!A90:C90,
extension leads,extension cords,noun,复数,true,true,名词!B90:D90,
externalise,externalize,verb,原型,true,true,动词!A91:F91|动词!A97:F97,
externalised,externalized,verb,过去分词|过去时,true,true,动词!C91:H91|动词!C97:H97|动词!D91:I91|动词!D97:I97,
externalises,externalizes,verb,第三人称单数,true,true,动词!B91:G91|动词!B97:G97,
externalising,externalizing,verb,ing,true,true,动词!E91:J91|动词!E97:J97,
familiarise,familiarize,verb,原型,true,true,动词!A93:F93|动词!A99:F99,
familiarised,familiarized,verb,过去分词|过去时,true,true,动词!C93:H93|动词!C99:H99|动词!D93:I93|动词!D99:I99,
familiarises,familiarizes,verb,第三人称单数,true,true,动词!B93:G93|动词!B99:G99,
familiarising,familiarizing,adjective|verb,ing|基本形式,true,true,动词!E93:J93|动词!E99:J99|形容词!A98:B98,
fantasise,fantasize,verb,原型,true,true,动词!A100:F100|动词!A94:F94,
fantasised,fantasized,verb,过去分词|过去时,true,true,动词!C100:H100|动词!C94:H94|动词!D100:I100|动词!D94:I94,
fantasises,fantasizes,verb,第三人称单数,true,true,动词!B100:G100|动词!B94:G94,
fantasising,fantasizing,verb,ing,true,true,动词!E100:J100|动词!E94:J94,
favour,favor,noun|verb,单数|原型,true,true,动词!A280:F280|动词!A284:F284|动词!A292:F292|名词!A111:C111|名词!A344:C344,
favourable,favorable,adjective|noun,单数|基本形式,true,true,名词!A112:C112|名词!A345:C345|形容词!A99:B99,
favourables,favorables,noun,复数,true,true,名词!B112:D112|名词!B345:D345,
favourably,favorably,adverb,基本形式,true,true,副词!A6:B6,
favoured,favored,verb,过去分词|过去时,true,true,动词!C280:H280|动词!C284:H284|动词!C292:H292|动词!D280:I280|动词!D284:I284|动词!D292:I292,
favouring,favoring,adjective|verb,ing|基本形式,true,true,动词!E280:J280|动词!E284:J284|动词!E292:J292|形容词!A101:B101,
favourite,favorite,adjective,基本形式,true,true,形容词!A100:B100,
favours,favors,noun|verb,复数|第三人称单数,true,true,动词!B280:G280|动词!B284:G284|动词!B292:G292|名词!B111:D111|名词!B344:D344,
federalised,federalized,adjective,基本形式,true,true,形容词!A102:B102,
federalising,federalizing,adjective,基本形式,true,true,形容词!A103:B103,
feminise,feminize,verb,原型,true,true,动词!A101:F101|动词!A95:F95,
feminised,feminized,verb,过去分词|过去时,true,true,动词!C101:H101|动词!C95:H95|动词!D101:I101|动词!D95:I95,
feminises,feminizes,verb,第三人称单数,true,true,动词!B101:G101|动词!B95:G95,
feminising,feminizing,verb,ing,true,true,动词!E101:J101|动词!E95:J95,
fertilisation,fertilization,noun,单数,true,true,名词!A114:C114,
fertilise,fertilize,verb,原型,true,true,动词!A102:F102|动词!A96:F96,
fertilised,fertilized,verb,过去分词|过去时,true,true,动词!C102:H102|动词!C96:H96|动词!D102:I102|动词!D96:I96,
fertiliser,fertilizer,noun,单数,true,true,名词!A113:C113,
fertilisers,fertilizers,noun,复数,true,true,名词!B113:D113,
fertilises,fertilizes,verb,第三人称单数,true,true,动词!B102:G102|动词!B96:G96,
fertilising,fertilizing,adjective|verb,ing|基本形式,true,true,动词!E102:J102|动词!E96:J96|形容词!A104:B104,
fibre,fiber,noun,单数,true,true,名词!A113:C113|名词!A115:C115|名词!A346:C346,
fibre-optic,fiber-optic,adjective,基本形式,true,true,形容词!A105:B105,
fibreglass,fiberglass,adjective,基本形式,true,true,形容词!A106:B106,
fibres,fibers,noun,复数,true,true,名词!B113:D113|名词!B115:D115|名词!B346:D346,
fictionalise,fictionalize,verb,原型,true,true,动词!A104:F104|动词!A98:F98,
fictionalised,fictionalized,verb,过去分词|过去时,true,true,动词!C104:H104|动词!C98:H98|动词!D104:I104|动词!D98:I98,
fictionalises,fictionalizes,verb,第三人称单数,true,true,动词!B104:G104|动词!B98:G98,
fictionalising,fictionalizing,adjective|verb,ing|基本形式,true,true,动词!E104:J104|动词!E98:J98|形容词!A107:B107,
film,movie,noun,单数,true,true,名词!A91:C91,
filmise,filmize,verb,原型,true,true,动词!A105:F105|动词!A99:F99,
filmised,filmized,verb,过去分词|过去时,true,true,动词!C105:H105|动词!C99:H99|动词!D105:I105|动词!D99:I99,
filmises,filmizes,verb,第三人称单数,true,true,动词!B105:G105|动词!B99:G99,
filmisising,filmizing,verb,ing,true,true,动词!E105:J105|动词!E99:J99,
films,movies,noun,复数,true,true,名词!B91:D91,
finalise,finalize,verb,原型,true,true,动词!A103:F103|动词!A97:F97,
finalised,finalized,verb,过去分词|过去时,true,true,动词!C103:H103|动词!C97:H97|动词!D103:I103|动词!D97:I97,
finalises,finalizes,verb,第三人称单数,true,true,动词!B103:G103|动词!B97:G97,
finalising,finalizing,adjective|verb,ing|基本形式,true,true,动词!E103:J103|动词!E97:J97|形容词!A108:B108,
fire brigade,fire department,noun,单数,true,true,名词!A7:C7|名词!A92:C92|名词!A9:C9,
fire brigades,fire departments,noun,复数,true,true,名词!B7:D7|名词!B92:D92|名词!B9:D9,
fire engine,fire truck,noun,单数,true,true,名词!A10:C10|名词!A8:C8|名词!A93:C93,
fire engines,fire trucks,noun,复数,true,true,名词!B10:D10|名词!B8:D8|名词!B93:D93,
fish finger,fish stick,noun,单数,true,true,名词!A11:C11|名词!A94:C94|名词!A9:C9,
fish fingers,fish sticks,noun,复数,true,true,名词!B11:D11|名词!B94:D94|名词!B9:D9,
fizzy drink,soda,noun,单数,true,true,名词!A10:C10|名词!A12:C12|名词!A95:C95,
fizzy drinks,sodas,noun,复数,true,true,名词!B10:D10|名词!B12:D12|名词!B95:D95,
flat,apartment,noun,单数,true,true,名词!A96:C96,
flats,apartments,noun,复数,true,true,名词!B96:D96,
flavour,flavor,noun,单数,true,true,名词!A114:C114|名词!A116:C116|名词!A347:C347,
flavoured,flavored,adjective,基本形式,true,true,形容词!A109:B109,
flavourful,flavorful,adjective,基本形式,true,true,形容词!A110:B110,
flavourless,flavorless,adjective,基本形式,true,true,形容词!A111:B111,
flavours,flavors,noun,复数,true,true,名词!B114:D114|名词!B116:D116|名词!B347:D347,
flyover,overpass,noun,单数,true,false,名词!A11:C11|名词!A13:C13|名词!A97:C97,美式源词存在多个英式目标，已禁用美转英
flyovers,overpasses,noun,复数,true,false,名词!B11:D11|名词!B13:D13|名词!B97:D97,美式源词存在多个英式目标，已禁用美转英
foetal,fetal,noun,单数,true,true,名词!A115:C115|名词!A117:C117|名词!A348:C348,
foetals,fetals,noun,复数,true,true,名词!B115:D115|名词!B117:D117|名词!B348:D348,
foetus,fetus,noun,单数,true,true,名词!A116:C116|名词!A118:C118|名词!A349:C349,
foetuses,fetuses,noun,复数,true,true,名词!B116:D116|名词!B118:D118|名词!B349:D349,
football,soccer,noun,单数,false,true,名词!A98:C98,英式源词同时是英转美目标，为保证幂等已禁用英转美
football boot,cleat,noun,单数,true,true,名词!A99:C99,
football boots,cleats,noun,复数,true,true,名词!B99:D99,
footballs,soccers,noun,复数,false,true,名词!B98:D98,英式源词同时是英转美目标，为保证幂等已禁用英转美
forecourt,gas station lot,noun,单数,true,true,名词!A100:C100,
forecourts,gas station lots,noun,复数,true,true,名词!B100:D100,
form tutor,homeroom teacher,noun,单数,true,true,名词!A101:C101,
form tutors,homeroom teachers,noun,复数,true,true,名词!B101:D101,
formalise,formalize,verb,原型,true,true,动词!A101:F101|动词!A107:F107,
formalised,formalized,verb,过去分词|过去时,true,true,动词!C101:H101|动词!C107:H107|动词!D101:I101|动词!D107:I107,
formalises,formalizes,verb,第三人称单数,true,true,动词!B101:G101|动词!B107:G107,
formalising,formalizing,adjective|verb,ing|基本形式,true,true,动词!E101:J101|动词!E107:J107|形容词!A112:B112,
fortnight,two-week period,noun,单数,true,true,名词!A102:C102,
fortnights,two-week periods,noun,复数,true,true,名词!B102:D102,
fossilise,fossilize,verb,原型,true,true,动词!A102:F102|动词!A108:F108,
fossilised,fossilized,verb,过去分词|过去时,true,true,动词!C102:H102|动词!C108:H108|动词!D102:I102|动词!D108:I108,
fossilises,fossilizes,verb,第三人称单数,true,true,动词!B102:G102|动词!B108:G108,
fossilising,fossilizing,adjective|verb,ing|基本形式,true,true,动词!E102:J102|动词!E108:J108|形容词!A113:B113,
fractionalise,fractionalize,verb,原型,true,true,动词!A103:F103|动词!A109:F109,
fractionalised,fractionalized,verb,过去分词|过去时,true,true,动词!C103:H103|动词!C109:H109|动词!D103:I103|动词!D109:I109,
fractionalises,fractionalizes,verb,第三人称单数,true,true,动词!B103:G103|动词!B109:G109,
fractionalising,fractionalizing,verb,ing,true,true,动词!E103:J103|动词!E109:J109,
fraternise,fraternize,verb,原型,true,true,动词!A104:F104|动词!A110:F110,
fraternised,fraternized,verb,过去分词|过去时,true,true,动词!C104:H104|动词!C110:H110|动词!D104:I104|动词!D110:I110,
fraternises,fraternizes,verb,第三人称单数,true,true,动词!B104:G104|动词!B110:G110,
fraternising,fraternizing,adjective|verb,ing|基本形式,true,true,动词!E104:J104|动词!E110:J110|形容词!A114:B114,
fringe,bangs,noun,单数,true,false,名词!A103:C103,美式源词存在多个英式目标，已禁用美转英
fringes,bangs,noun,复数,true,false,名词!B103:D103,美式源词存在多个英式目标，已禁用美转英
frontierise,frontierize,verb,原型,true,true,动词!A105:F105|动词!A111:F111,
frontierised,frontierized,verb,过去分词|过去时,true,true,动词!C105:H105|动词!C111:H111|动词!D105:I105|动词!D111:I111,
frontierises,frontierizes,verb,第三人称单数,true,true,动词!B105:G105|动词!B111:G111,
frontierising,frontierizing,verb,ing,true,true,动词!E105:J105|动词!E111:J111,
fuelled,fueled,verb,过去分词|过去时,true,true,动词!C255:H255|动词!C259:H259|动词!C267:H267|动词!D255:I255|动词!D259:I259|动词!D267:I267,
fuelling,fueling,verb,ing,true,true,动词!E255:J255|动词!E259:J259|动词!E267:J267,
fulfil,fulfill,verb,原型,true,true,动词!A258:F258|动词!A262:F262|动词!A270:F270,
fulfilment,fulfillment,noun,单数,true,true,名词!A117:C117|名词!A119:C119|名词!A350:C350,
fulfilments,fulfillments,noun,复数,true,true,名词!B117:D117|名词!B119:D119|名词!B350:D350,
fulfils,fulfills,verb,第三人称单数,true,true,动词!B258:G258|动词!B262:G262|动词!B270:G270,
full stop,period,noun,单数,true,true,名词!A104:C104,
full stops,periods,noun,复数,true,true,名词!B104:D104,
functionise,functionize,verb,原型,true,true,动词!A106:F106|动词!A112:F112,
functionised,functionized,verb,过去分词|过去时,true,true,动词!C106:H106|动词!C112:H112|动词!D106:I106|动词!D112:I112,
functionises,functionizes,verb,第三人称单数,true,true,动词!B106:G106|动词!B112:G112,
functionising,functionizing,verb,ing,true,true,动词!E106:J106|动词!E112:J112,
furore,furor,noun,单数,true,true,名词!A118:C118|名词!A120:C120|名词!A351:C351,
furores,furors,noun,复数,true,true,名词!B118:D118|名词!B120:D120|名词!B351:D351,
further maths,advanced math,noun,单数,false,true,名词!A105:C105,英式源词存在多个美式目标，已禁用英转美
further maths,advanced maths,noun,复数,false,true,名词!B105:D105,英式源词存在多个美式目标，已禁用英转美
galvanisation,galvanization,noun,单数,true,true,名词!A119:C119|名词!A121:C121|名词!A352:C352,
galvanise,galvanize,verb,原型,true,true,动词!A107:F107|动词!A113:F113,
galvanised,galvanized,verb,过去分词|过去时,true,true,动词!C107:H107|动词!C113:H113|动词!D107:I107|动词!D113:I113,
galvanises,galvanizes,verb,第三人称单数,true,true,动词!B107:G107|动词!B113:G113,
galvanising,galvanizing,verb,ing,true,true,动词!E107:J107|动词!E113:J113,
gauge,gage,noun,单数,true,true,名词!A120:C120|名词!A122:C122|名词!A353:C353,
gauges,gages,noun,复数,true,true,名词!B120:D120|名词!B122:D122|名词!B353:D353,
gear lever,gearshift,noun,单数,true,true,名词!A106:C106,
gear levers,gearshifts,noun,复数,true,true,名词!B106:D106,
gearbox,transmission,noun,单数,true,true,名词!A107:C107,
gearboxes,transmissions,noun,复数,true,true,名词!B107:D107,
generalisation,generalization,noun,单数,true,true,名词!A121:C121|名词!A123:C123|名词!A354:C354,
generalisations,generalizations,noun,复数,true,true,名词!B121:D121|名词!B123:D123|名词!B354:D354,
generalise,generalize,verb,原型,true,true,动词!A109:F109|动词!A115:F115,
generalised,generalized,verb,过去分词|过去时,true,true,动词!C109:H109|动词!C115:H115|动词!D109:I109|动词!D115:I115,
generalises,generalizes,verb,第三人称单数,true,true,动词!B109:G109|动词!B115:G115,
generalising,generalizing,verb,ing,true,true,动词!E109:J109|动词!E115:J115,
genie,garbage disposal,noun,单数,true,true,名词!A108:C108,
genies,garbage disposals,noun,复数,true,true,名词!B108:D108,
germanise,germanize,verb,原型,true,true,动词!A108:F108|动词!A114:F114,
germanised,germanized,verb,过去分词|过去时,true,true,动词!C108:H108|动词!C114:H114|动词!D108:I108|动词!D114:I114,
germanises,germanizes,verb,第三人称单数,true,true,动词!B108:G108|动词!B114:G114,
germanising,germanizing,verb,ing,true,true,动词!E108:J108|动词!E114:J114,
gherkins,pickles,noun,单数|复数,true,true,名词!A109:C109|名词!B109:D109,
glamorise,glamorize,verb,原型,true,true,动词!A111:F111|动词!A117:F117,
glamorised,glamorized,verb,过去分词|过去时,true,true,动词!C111:H111|动词!C117:H117|动词!D111:I111|动词!D117:I117,
glamorises,glamorizes,verb,第三人称单数,true,true,动词!B111:G111|动词!B117:G117,
glamorising,glamorizing,verb,ing,true,true,动词!E111:J111|动词!E117:J117,
glamour,glamor,noun,单数,true,true,名词!A122:C122|名词!A124:C124|名词!A355:C355,
glamours,glamors,noun,复数,true,true,名词!B122:D122|名词!B124:D124|名词!B355:D355,
globalisation,globalization,noun,单数,true,true,名词!A123:C123|名词!A125:C125|名词!A356:C356,
globalisations,globalizations,noun,复数,true,true,名词!B123:D123|名词!B125:D125|名词!B356:D356,
globalise,globalize,verb,原型,true,true,动词!A110:F110|动词!A116:F116,
globalised,globalized,verb,过去分词|过去时,true,true,动词!C110:H110|动词!C116:H116|动词!D110:I110|动词!D116:I116,
globalises,globalizes,verb,第三人称单数,true,true,动词!B110:G110|动词!B116:G116,
globalising,globalizing,adjective|verb,ing|基本形式,true,true,动词!E110:J110|动词!E116:J116|形容词!A115:B115,
goitre,goiter,noun,单数,true,true,名词!A124:C124|名词!A126:C126|名词!A357:C357,
goitres,goiters,noun,复数,true,true,名词!B124:D124|名词!B126:D126|名词!B357:D357,
goods train,freight train,noun,单数,true,true,名词!A110:C110,
goods trains,freight trains,noun,复数,true,true,名词!B110:D110,
gourmandise,gourmandize,verb,原型,true,true,动词!A112:F112|动词!A118:F118,
gourmandised,gourmandized,verb,过去分词|过去时,true,true,动词!C112:H112|动词!C118:H118|动词!D112:I112|动词!D118:I118,
gourmandises,gourmandizes,verb,第三人称单数,true,true,动词!B112:G112|动词!B118:G118,
gourmandising,gourmandizing,verb,ing,true,true,动词!E112:J112|动词!E118:J118,
grammaticalised,grammaticalized,adjective,基本形式,true,true,形容词!A116:B116,
granitise,granitize,verb,原型,true,true,动词!A113:F113|动词!A119:F119,
granitised,granitized,verb,过去分词|过去时,true,true,动词!C113:H113|动词!C119:H119|动词!D113:I113|动词!D119:I119,
granitises,granitizes,verb,第三人称单数,true,true,动词!B113:G113|动词!B119:G119,
granitising,granitizing,verb,ing,true,true,动词!E113:J113|动词!E119:J119,
gravitise,gravitize,verb,原型,true,true,动词!A114:F114|动词!A120:F120,
gravitised,gravitized,verb,过去分词|过去时,true,true,动词!C114:H114|动词!C120:H120|动词!D114:I114|动词!D120:I120,
gravitises,gravitizes,verb,第三人称单数,true,true,动词!B114:G114|动词!B120:G120,
gravitising,gravitizing,verb,ing,true,true,动词!E114:J114|动词!E120:J120,
greaseproof paper,wax paper,noun,单数,true,true,名词!A111:C111|名词!A12:C12|名词!A14:C14,
greaseproof papers,wax papers,noun,复数,true,true,名词!B111:D111|名词!B12:D12|名词!B14:D14,
greenflies,aphids,noun,复数,true,true,名词!B112:D112,
greenfly,aphid,noun,单数,true,true,名词!A112:C112,
grey,gray,adjective,基本形式,true,true,形容词!A117:B117,
greyish,grayish,adjective,基本形式,true,true,形容词!A118:B118,
ground floor,first floor,noun,单数,true,true,名词!A113:C113,
ground floors,first floors,noun,复数,true,true,名词!B113:D113,
groupise,groupize,verb,原型,true,true,动词!A115:F115|动词!A121:F121,
groupised,groupized,verb,过去分词|过去时,true,true,动词!C115:H115|动词!C121:H121|动词!D115:I115|动词!D121:I121,
groupises,groupizes,verb,第三人称单数,true,true,动词!B115:G115|动词!B121:G121,
groupising,groupizing,verb,ing,true,true,动词!E115:J115|动词!E121:J121,
gumshield,mouthguard,noun,单数,true,true,名词!A114:C114,
gumshields,mouthguards,noun,复数,true,true,名词!B114:D114,
gym slip,gym uniform skirt,noun,单数,true,true,名词!A115:C115,
gym slips,gym uniform skirts,noun,复数,true,true,名词!B115:D115,
gynaecologies,gynecologies,noun,复数,true,true,名词!B125:D125|名词!B127:D127|名词!B358:D358,
gynaecology,gynecology,noun,单数,true,true,名词!A125:C125|名词!A127:C127|名词!A358:C358,
hairgrip,bobby pin,noun,单数,true,true,名词!A116:C116,
hairgrips,bobby pins,noun,复数,true,true,名词!B116:D116,
handbag,purse,noun,单数,true,true,名词!A117:C117,
handbags,purses,noun,复数,true,true,名词!B117:D117,
handbrake,parking brake,noun,单数,true,true,名词!A118:C118,
handbrakes,parking brakes,noun,复数,true,true,名词!B118:D118,
harbour,harbor,verb,原型,true,true,动词!A284:F284|动词!A288:F288|动词!A296:F296,
harboured,harbored,verb,过去分词|过去时,true,true,动词!C284:H284|动词!C288:H288|动词!C296:H296|动词!D284:I284|动词!D288:I288|动词!D296:I296,
harbouring,harboring,verb,ing,true,true,动词!E284:J284|动词!E288:J288|动词!E296:J296,
harbours,harbors,verb,第三人称单数,true,true,动词!B284:G284|动词!B288:G288|动词!B296:G296,
harmonise,harmonize,verb,原型,true,true,动词!A116:F116|动词!A122:F122,
harmonised,harmonized,verb,过去分词|过去时,true,true,动词!C116:H116|动词!C122:H122|动词!D116:I116|动词!D122:I122,
harmonises,harmonizes,verb,第三人称单数,true,true,动词!B116:G116|动词!B122:G122,
harmonising,harmonizing,verb,ing,true,true,动词!E116:J116|动词!E122:J122,
hire car,rental car,noun,单数,true,true,名词!A120:C120,
hire cars,rental cars,noun,复数,true,true,名词!B120:D120,
hire purchase,instalment plan,noun,单数,true,true,名词!A119:C119,
hire purchases,installment plans,noun,复数,true,true,名词!B119:D119,
historicise,historicize,verb,原型,true,true,动词!A120:F120|动词!A126:F126,
historicised,historicized,verb,过去分词|过去时,true,true,动词!C120:H120|动词!C126:H126|动词!D120:I120|动词!D126:I126,
historicises,historicizes,verb,第三人称单数,true,true,动词!B120:G120|动词!B126:G126,
historicising,historicizing,verb,ing,true,true,动词!E120:J120|动词!E126:J126,
holiday,vacation,noun,单数,true,true,名词!A121:C121,
holidaymaker,vacationer,noun,单数,true,true,名词!A122:C122,
holidaymakers,vacationers,noun,复数,true,true,名词!B122:D122,
holidays,vacations,noun,复数,true,true,名词!B121:D121,
honour,honor,verb,原型,true,true,动词!A282:F282|动词!A286:F286|动词!A294:F294,
honourable,honorable,adjective,基本形式,true,true,形容词!A119:B119,
honourably,honorably,adverb,基本形式,true,true,副词!A7:B7,
honourary,honorary,adjective,基本形式,true,true,形容词!A120:B120,
honoured,honored,verb,过去分词|过去时,true,true,动词!C282:H282|动词!C286:H286|动词!C294:H294|动词!D282:I282|动词!D286:I286|动词!D294:I294,
honouring,honoring,adjective|verb,ing|基本形式,true,true,动词!E282:J282|动词!E286:J286|动词!E294:J294|形容词!A121:B121,
honours,honors,verb,第三人称单数,true,true,动词!B282:G282|动词!B286:G286|动词!B294:G294,
hoover,vacuum cleaner,noun,单数,true,true,名词!A123:C123,
hoovers,vacuum cleaners,noun,复数,true,true,名词!B123:D123,
hospitalisation,hospitalization,noun,单数,true,true,名词!A128:C128,
hospitalisations,hospitalizations,noun,复数,true,true,名词!B128:D128,
hospitalise,hospitalize,verb,原型,true,true,动词!A117:F117|动词!A123:F123,
hospitalised,hospitalized,verb,过去分词|过去时,true,true,动词!C117:H117|动词!C123:H123|动词!D117:I117|动词!D123:I123,
hospitalises,hospitalizes,verb,第三人称单数,true,true,动词!B117:G117|动词!B123:G123,
hospitalising,hospitalizing,verb,ing,true,true,动词!E117:J117|动词!E123:J123,
hot-water bottle,hot-water bag,noun,单数,true,true,名词!A124:C124,
hot-water bottles,hot-water bags,noun,复数,true,true,名词!B124:D124,
humanise,humanize,verb,原型,true,true,动词!A118:F118|动词!A124:F124,
humanised,humanized,verb,过去分词|过去时,true,true,动词!C118:H118|动词!C124:H124|动词!D118:I118|动词!D124:I124,
humanises,humanizes,verb,第三人称单数,true,true,动词!B118:G118|动词!B124:G124,
humanising,humanizing,verb,ing,true,true,动词!E118:J118|动词!E124:J124,
humour,humor,verb,原型,true,true,动词!A289:F289|动词!A293:F293|动词!A301:F301,
humoured,humored,verb,过去分词|过去时,true,true,动词!C289:H289|动词!C293:H293|动词!C301:H301|动词!D289:I289|动词!D293:I293|动词!D301:I301,
humouring,humoring,verb,ing,true,true,动词!E289:J289|动词!E293:J293|动词!E301:J301,
humours,humors,verb,第三人称单数,true,true,动词!B289:G289|动词!B293:G293|动词!B301:G301,
hypnotise,hypnotize,verb,原型,true,true,动词!A119:F119|动词!A125:F125,
hypnotised,hypnotized,verb,过去分词|过去时,true,true,动词!C119:H119|动词!C125:H125|动词!D119:I119|动词!D125:I125,
hypnotises,hypnotizes,verb,第三人称单数,true,true,动词!B119:G119|动词!B125:G125,
hypnotising,hypnotizing,verb,ing,true,true,动词!E119:J119|动词!E125:J125,
idealisation,idealization,noun,单数,true,true,名词!A126:C126|名词!A129:C129|名词!A359:C359,
idealisations,idealizations,noun,复数,true,true,名词!B126:D126|名词!B129:D129|名词!B359:D359,
idealise,idealize,verb,原型,true,true,动词!A121:F121|动词!A127:F127,
idealised,idealized,verb,过去分词|过去时,true,true,动词!C121:H121|动词!C127:H127|动词!D121:I121|动词!D127:I127,
idealises,idealizes,verb,第三人称单数,true,true,动词!B121:G121|动词!B127:G127,
idealising,idealizing,verb,ing,true,true,动词!E121:J121|动词!E127:J127,
idolisation,idolization,noun,单数,true,true,名词!A128:C128|名词!A131:C131|名词!A361:C361,
idolisations,idolizations,noun,复数,true,true,名词!B128:D128|名词!B131:D131|名词!B361:D361,
idolise,idolize,verb,原型,true,true,动词!A122:F122|动词!A128:F128,
idolised,idolized,verb,过去分词|过去时,true,true,动词!C122:H122|动词!C128:H128|动词!D122:I122|动词!D128:I128,
idolises,idolizes,verb,第三人称单数,true,true,动词!B122:G122|动词!B128:G128,
idolising,idolizing,verb,ing,true,true,动词!E122:J122|动词!E128:J128,
immobilise,immobilize,verb,原型,true,true,动词!A123:F123|动词!A129:F129,
immobilised,immobilized,verb,过去分词|过去时,true,true,动词!C123:H123|动词!C129:H129|动词!D123:I123|动词!D129:I129,
immobilises,immobilizes,verb,第三人称单数,true,true,动词!B123:G123|动词!B129:G129,
immobilising,immobilizing,verb,ing,true,true,动词!E123:J123|动词!E129:J129,
immortalise,immortalize,verb,原型,true,true,动词!A136:F136|动词!A143:F143,
immortalised,immortalized,verb,过去分词|过去时,true,true,动词!C136:H136|动词!C143:H143|动词!D136:I136|动词!D143:I143,
immortalises,immortalizes,verb,第三人称单数,true,true,动词!B136:G136|动词!B143:G143,
immortalising,immortalizing,verb,ing,true,true,动词!E136:J136|动词!E143:J143,
immunisation,immunization,noun,单数,true,true,名词!A129:C129|名词!A132:C132|名词!A362:C362,
immunisations,immunizations,noun,复数,true,true,名词!B129:D129|名词!B132:D132|名词!B362:D362,
immunise,immunize,verb,原型,true,true,动词!A124:F124|动词!A130:F130,
immunised,immunized,verb,过去分词|过去时,true,true,动词!C124:H124|动词!C130:H130|动词!D124:I124|动词!D130:I130,
immunises,immunizes,verb,第三人称单数,true,true,动词!B124:G124|动词!B130:G130,
immunising,immunizing,verb,ing,true,true,动词!E124:J124|动词!E130:J130,
imperialisation,imperialization,noun,单数,true,true,名词!A130:C130|名词!A133:C133|名词!A363:C363,
imperialisations,imperializations,noun,复数,true,true,名词!B130:D130|名词!B133:D133|名词!B363:D363,
incentivise,incentivize,verb,原型,true,true,动词!A126:F126|动词!A132:F132,
incentivised,incentivized,verb,过去分词|过去时,true,true,动词!C126:H126|动词!C132:H132|动词!D126:I126|动词!D132:I132,
incentivises,incentivizes,verb,第三人称单数,true,true,动词!B126:G126|动词!B132:G132,
incentivising,incentivizing,verb,ing,true,true,动词!E126:J126|动词!E132:J132,
indemnisation,indemnization,noun,单数,false,true,名词!A137:C137|名词!A140:C140|名词!A370:C370,英式源词存在多个美式目标，已禁用英转美
indemnisation,indemnizations,noun,复数,false,true,名词!B137:D137|名词!B140:D140|名词!B370:D370,英式源词存在多个美式目标，已禁用英转美
indicator,turn signal,noun,单数,true,true,名词!A125:C125,
indicators,turn signals,noun,复数,true,true,名词!B125:D125,
individualise,individualize,verb,原型,true,true,动词!A127:F127|动词!A133:F133,
individualised,individualized,verb,过去分词|过去时,true,true,动词!C127:H127|动词!C133:H133|动词!D127:I127|动词!D133:I133,
individualises,individualizes,verb,第三人称单数,true,true,动词!B127:G127|动词!B133:G133,
individualising,individualizing,verb,ing,true,true,动词!E127:J127|动词!E133:J133,
industrialisation,industrialization,noun,单数,true,true,名词!A138:C138|名词!A141:C141|名词!A371:C371,
industrialisations,industrializations,noun,复数,true,true,名词!B138:D138|名词!B141:D141|名词!B371:D371,
industrialise,industrialize,verb,原型,true,true,动词!A128:F128|动词!A134:F134,
industrialised,industrialized,verb,过去分词|过去时,true,true,动词!C128:H128|动词!C134:H134|动词!D128:I128|动词!D134:I134,
industrialises,industrializes,verb,第三人称单数,true,true,动词!B128:G128|动词!B134:G134,
industrialising,industrializing,verb,ing,true,true,动词!E128:J128|动词!E134:J134,
infantilise,infantilize,verb,原型,true,true,动词!A129:F129|动词!A135:F135,
infantilised,infantilized,verb,过去分词|过去时,true,true,动词!C129:H129|动词!C135:H135|动词!D129:I129|动词!D135:I135,
infantilises,infantilizes,verb,第三人称单数,true,true,动词!B129:G129|动词!B135:G135,
infantilising,infantilizing,verb,ing,true,true,动词!E129:J129|动词!E135:J135,
infinitesimalisation,infinitesimalization,noun,单数,true,true,名词!A139:C139|名词!A142:C142|名词!A372:C372,
infinitesimalisations,infinitesimalizations,noun,复数,true,true,名词!B139:D139|名词!B142:D142|名词!B372:D372,
initialisation,initialization,noun,单数,true,true,名词!A140:C140|名词!A143:C143|名词!A373:C373,
initialisations,initializations,noun,复数,true,true,名词!B140:D140|名词!B143:D143|名词!B373:D373,
initialise,initialize,verb,原型,true,true,动词!A130:F130|动词!A136:F136,
initialised,initialized,verb,过去分词|过去时,true,true,动词!C130:H130|动词!C136:H136|动词!D130:I130|动词!D136:I136,
initialises,initializes,verb,第三人称单数,true,true,动词!B130:G130|动词!B136:G136,
initialising,initializing,verb,ing,true,true,动词!E130:J130|动词!E136:J136,
initialled,initialed,verb,过去分词|过去时,true,true,动词!C137:H137|动词!D137:I137,
initialling,initialing,verb,ing,true,true,动词!E137:J137,
inside leg,inseam,noun,单数,true,true,名词!A126:C126,
inside legs,inseams,noun,复数,true,true,名词!B126:D126,
insolubilise,insolubilize,verb,原型,true,true,动词!A137:F137|动词!A144:F144,
insolubilised,insolubilized,verb,过去分词|过去时,true,true,动词!C137:H137|动词!C144:H144|动词!D137:I137|动词!D144:I144,
insolubilises,insolubilizes,verb,第三人称单数,true,true,动词!B137:G137|动词!B144:G144,
insolubilising,insolubilizing,verb,ing,true,true,动词!E137:J137|动词!E144:J144,
instal,install,verb,原型,true,true,动词!A257:F257|动词!A261:F261|动词!A269:F269,
instalment,installment,noun,单数,true,true,名词!A141:C141|名词!A144:C144|名词!A374:C374,
instalments,installments,noun,复数,true,true,名词!B141:D141|名词!B144:D144|名词!B374:D374,
instals,installs,verb,第三人称单数,true,true,动词!B257:G257|动词!B261:G261|动词!B269:G269,
institutionalisation,institutionalization,noun,单数,true,true,名词!A142:C142|名词!A145:C145|名词!A375:C375,
institutionalisations,institutionalizations,noun,复数,true,true,名词!B142:D142|名词!B145:D145|名词!B375:D375,
institutionalised,institutionalized,adjective,基本形式,true,true,形容词!A122:B122,
intellectualisation,intellectualization,noun,单数,true,true,名词!A143:C143|名词!A146:C146|名词!A376:C376,
intellectualisations,intellectualizations,noun,复数,true,true,名词!B143:D143|名词!B146:D146|名词!B376:D376,
internalisation,internalization,noun,单数,true,true,名词!A144:C144|名词!A147:C147|名词!A377:C377,
internalisations,internalizations,noun,复数,true,true,名词!B144:D144|名词!B147:D147|名词!B377:D377,
internalise,internalize,verb,原型,true,true,动词!A131:F131|动词!A138:F138,
internalised,internalized,verb,过去分词|过去时,true,true,动词!C131:H131|动词!C138:H138|动词!D131:I131|动词!D138:I138,
internalises,internalizes,verb,第三人称单数,true,true,动词!B131:G131|动词!B138:G138,
internalising,internalizing,verb,ing,true,true,动词!E131:J131|动词!E138:J138,
internationalisation,internationalization,noun,单数,true,true,名词!A145:C145|名词!A148:C148|名词!A378:C378,
internationalise,internationalize,verb,原型,true,true,动词!A132:F132|动词!A139:F139,
internationalised,internationalized,verb,过去分词|过去时,true,true,动词!C132:H132|动词!C139:H139|动词!D132:I132|动词!D139:I139,
internationalises,internationalizes,verb,第三人称单数,true,true,动词!B132:G132|动词!B139:G139,
internationalising,internationalizing,verb,ing,true,true,动词!E132:J132|动词!E139:J139,
internationlisations,internationalizations,noun,复数,true,true,名词!B145:D145|名词!B148:D148|名词!B378:D378,
inverted commas,quotation marks,noun,单数|复数,true,true,名词!A127:C127|名词!B127:D127,
ionisation,ionization,noun,单数,true,true,名词!A146:C146|名词!A149:C149|名词!A379:C379,
ionisations,ionizations,noun,复数,true,true,名词!B146:D146|名词!B149:D149|名词!B379:D379,
ionise,ionize,verb,原型,true,true,动词!A133:F133|动词!A140:F140,
ionised,ionized,verb,过去分词|过去时,true,true,动词!C133:H133|动词!C140:H140|动词!D133:I133|动词!D140:I140,
ionises,ionizes,verb,第三人称单数,true,true,动词!B133:G133|动词!B140:G140,
ionising,ionizing,verb,ing,true,true,动词!E133:J133|动词!E140:J140,
ironmonger's,hardware store,noun,单数,true,true,名词!A128:C128,
ironmongers,hardware stores,noun,复数,true,true,名词!B128:D128,
isinglass,gelatin,noun,单数,true,true,名词!A129:C129,
isinglasses,gelatins,noun,复数,true,true,名词!B129:D129,
italicisation,italicization,noun,单数,true,true,名词!A147:C147|名词!A150:C150|名词!A380:C380,
italicisations,italicizations,noun,复数,true,true,名词!B147:D147|名词!B150:D150|名词!B380:D380,
italicise,italicize,verb,原型,true,true,动词!A134:F134|动词!A141:F141,
italicised,italicized,verb,过去分词|过去时,true,true,动词!C134:H134|动词!C141:H141|动词!D134:I134|动词!D141:I141,
italicises,italicizes,verb,第三人称单数,true,true,动词!B134:G134|动词!B141:G141,
italicising,italicizing,verb,ing,true,true,动词!E134:J134|动词!E141:J141,
itemise,itemize,verb,原型,true,true,动词!A135:F135|动词!A142:F142,
itemised,itemized,verb,过去分词|过去时,true,true,动词!C135:H135|动词!C142:H142|动词!D135:I135|动词!D142:I142,
itemises,itemizes,verb,第三人称单数,true,true,动词!B135:G135|动词!B142:G142,
itemising,itemizing,verb,ing,true,true,动词!E135:J135|动词!E142:J142,
jam,jelly,noun,单数,true,true,名词!A131:C131,
jam tart,jelly tart,noun,单数,true,true,名词!A130:C130,
jam tarts,jelly tarts,noun,复数,true,true,名词!B130:D130,
jams,jellies,noun,复数,true,true,名词!B131:D131,
jeopardise,jeopardize,verb,原型,true,true,动词!A138:F138|动词!A145:F145,
jeopardised,jeopardized,verb,过去分词|过去时,true,true,动词!C138:H138|动词!C145:H145|动词!D138:I138|动词!D145:I145,
jeopardises,jeopardizes,verb,第三人称单数,true,true,动词!B138:G138|动词!B145:G145,
jeopardising,jeopardizing,verb,ing,true,true,动词!E138:J138|动词!E145:J145,
jewelled,jeweled,adjective,基本形式,true,true,形容词!A123:B123,
judgement,judgment,noun,单数,true,true,名词!A148:C148|名词!A151:C151|名词!A381:C381,
judgements,judgments,noun,复数,true,true,名词!B148:D148|名词!B151:D151|名词!B381:D381,
jumble sale,rummage sale,noun,单数,true,true,名词!A132:C132,
jumble sales,rummage sales,noun,复数,true,true,名词!B132:D132,
jumper,sweater,noun,单数,true,false,名词!A133:C133,美式源词存在多个英式目标，已禁用美转英
jumpers,sweaters,noun,复数,true,false,名词!B133:D133,美式源词存在多个英式目标，已禁用美转英
kilogramme,kilogram,noun,单数,true,true,名词!A149:C149|名词!A152:C152|名词!A382:C382,
kilogrammes,kilograms,noun,复数,true,true,名词!B149:D149|名词!B152:D152|名词!B382:D382,
kilometre,kilometer,noun,单数,true,true,名词!A150:C150|名词!A153:C153|名词!A383:C383,
kilometres,kilometers,noun,复数,true,true,名词!B150:D150|名词!B153:D153|名词!B383:D383,
labelled,labeled,verb,过去分词|过去时,true,true,动词!C266:H266|动词!C270:H270|动词!C278:H278|动词!D266:I266|动词!D270:I270|动词!D278:I278,
labelling,labeling,verb,ing,true,true,动词!E266:J266|动词!E270:J270|动词!E278:J278,
labour,labor,noun|verb,单数|原型,true,true,动词!A281:F281|动词!A285:F285|动词!A293:F293|名词!A151:C151|名词!A154:C154|名词!A384:C384,
labour-saving,labor-saving,adjective,基本形式,true,true,形容词!A124:B124,
laboured,labored,verb,过去分词|过去时,true,true,动词!C281:H281|动词!C285:H285|动词!C293:H293|动词!D281:I281|动词!D285:I285|动词!D293:I293,
labourer,laborer,noun,单数,true,true,名词!A152:C152|名词!A155:C155|名词!A385:C385,
labourers,laborers,noun,复数,true,true,名词!B152:D152|名词!B155:D155|名词!B385:D385,
labouring,laboring,verb,ing,true,true,动词!E281:J281|动词!E285:J285|动词!E293:J293,
labours,labors,noun|verb,复数|第三人称单数,true,true,动词!B281:G281|动词!B285:G285|动词!B293:G293|名词!B151:D151|名词!B154:D154|名词!B384:D384,
ladder tights,ripped pantyhose,noun,单数,true,false,名词!A134:C134,美式源词存在多个英式目标，已禁用美转英
laddered tights,ripped pantyhose,noun,复数,true,false,名词!B134:D134,美式源词存在多个英式目标，已禁用美转英
ladybird,ladybug,noun,单数,true,true,名词!A135:C135,
ladybirds,ladybugs,noun,复数,true,true,名词!B135:D135,
lamppost,light pole,noun,单数,true,true,名词!A136:C136,
lampposts,light poles,noun,复数,true,true,名词!B136:D136,
lavatories,toilets,noun,复数,true,true,名词!B137:D137,
lavatory,toilet,noun,单数,true,true,名词!A137:C137,
learner driver,driver with permit,noun,单数,true,true,名词!A138:C138,
learner drivers,drivers with permit,noun,复数,true,true,名词!B138:D138,
left luggage office,baggage check,noun,单数,true,true,名词!A139:C139,
left luggage offices,baggage checks,noun,复数,true,true,名词!B139:D139,
legalisation,legalization,noun,单数,true,true,名词!A153:C153|名词!A156:C156|名词!A386:C386,
legalisations,legalizations,noun,复数,true,true,名词!B153:D153|名词!B156:D156|名词!B386:D386,
legalise,legalize,verb,原型,true,true,动词!A139:F139|动词!A146:F146,
legalised,legalized,verb,过去分词|过去时,true,true,动词!C139:H139|动词!C146:H146|动词!D139:I139|动词!D146:I146,
legalises,legalizes,verb,第三人称单数,true,true,动词!B139:G139|动词!B146:G146,
legalising,legalizing,verb,ing,true,true,动词!E139:J139|动词!E146:J146,
legitimised,legitimized,adjective,基本形式,true,true,形容词!A125:B125,
letterbox,mail slot,noun,单数,true,true,名词!A140:C140,
letterboxes,mail slots,noun,复数,true,true,名词!B140:D140,
levelled,leveled,verb,过去分词|过去时,true,true,动词!C267:H267|动词!C271:H271|动词!C279:H279|动词!D267:I267|动词!D271:I271|动词!D279:I279,
levelling,leveling,verb,ing,true,true,动词!E267:J267|动词!E271:J271|动词!E279:J279,
liberalise,liberalize,verb,原型,true,true,动词!A140:F140|动词!A147:F147,
liberalised,liberalized,verb,过去分词|过去时,true,true,动词!C140:H140|动词!C147:H147|动词!D140:I140|动词!D147:I147,
liberalises,liberalizes,verb,第三人称单数,true,true,动词!B140:G140|动词!B147:G147,
liberalising,liberalizing,verb,ing,true,true,动词!E140:J140|动词!E147:J147,
licence,license,noun,单数,true,true,名词!A141:C141|名词!A154:C154|名词!A387:C387,
licences,licenses,noun,复数,true,true,名词!B141:D141|名词!B154:D154|名词!B387:D387,
lift,elevator,noun,单数,true,true,名词!A142:C142|名词!A15:C15,
lifts,elevators,noun,复数,true,true,名词!B142:D142|名词!B15:D15,
lighter fuel,lighter fluid,noun,单数,true,true,名词!A143:C143,
lighter fuels,lighter fluids,noun,复数,true,true,名词!B143:D143,
lino,linoleum,noun,单数,true,true,名词!A144:C144,
linos,linoleums,noun,复数,true,true,名词!B144:D144,
lionise,lionize,verb,原型,true,true,动词!A141:F141|动词!A148:F148,
lionised,lionized,verb,过去分词|过去时,true,true,动词!C141:H141|动词!C148:H148|动词!D141:I141|动词!D148:I148,
lionises,lionizes,verb,第三人称单数,true,true,动词!B141:G141|动词!B148:G148,
lionising,lionizing,verb,ing,true,true,动词!E141:J141|动词!E148:J148,
liquidiser,blender,noun,单数,true,true,名词!A145:C145,
liquidisers,blenders,noun,复数,true,true,名词!B145:D145,
localisation,localization,noun,单数,true,true,名词!A156:C156|名词!A158:C158|名词!A389:C389,
localisations,localizations,noun,复数,true,true,名词!B156:D156|名词!B158:D158|名词!B389:D389,
localise,localize,verb,原型,true,true,动词!A142:F142|动词!A149:F149,
localised,localized,verb,过去分词|过去时,true,true,动词!C142:H142|动词!C149:H149|动词!D142:I142|动词!D149:I149,
localises,localizes,verb,第三人称单数,true,true,动词!B142:G142|动词!B149:G149,
localising,localizing,verb,ing,true,true,动词!E142:J142|动词!E149:J149,
logicalised,logicalized,adjective,基本形式,true,true,形容词!A126:B126,
lorries,trucks,noun,复数,true,true,名词!B146:D146,
lorry,truck,noun,单数,true,true,名词!A146:C146,
loudhailer,bullhorn,noun,单数,true,true,名词!A147:C147,
loudhailers,bullhorns,noun,复数,true,true,名词!B147:D147,
lounge suite,living room set,noun,单数,true,true,名词!A149:C149,
lounge suites,living room sets,noun,复数,true,true,名词!B149:D149,
lounger,recliner,noun,单数,true,true,名词!A148:C148,
loungers,recliners,noun,复数,true,true,名词!B148:D148,
low loader,flatbed trailer,noun,单数,true,true,名词!A150:C150,
low loaders,flatbed trailers,noun,复数,true,true,名词!B150:D150,
luggage rack,baggage rack,noun,单数,true,true,名词!A151:C151,
luggage racks,baggage racks,noun,复数,true,true,名词!B151:D151,
lumber room,storeroom,noun,单数,true,true,名词!A152:C152,
lumber rooms,storerooms,noun,复数,true,true,名词!B152:D152,
lunchtime,noontime,noun,单数,true,true,名词!A153:C153,
lunchtimes,noontimes,noun,复数,true,true,名词!B153:D153,
mackintosh,raincoat,noun,单数,true,true,名词!A154:C154,
mackintoshes,raincoats,noun,复数,true,true,名词!B154:D154,
magnetisation,magnetization,noun,单数,true,true,名词!A158:C158|名词!A160:C160|名词!A391:C391,
magnetisations,magnetizations,noun,复数,true,true,名词!B158:D158|名词!B160:D160|名词!B391:D391,
magnetise,magnetize,verb,原型,true,true,动词!A143:F143|动词!A150:F150,
magnetised,magnetized,verb,过去分词|过去时,true,true,动词!C143:H143|动词!C150:H150|动词!D143:I143|动词!D150:I150,
magnetises,magnetizes,verb,第三人称单数,true,true,动词!B143:G143|动词!B150:G150,
magnetising,magnetizing,verb,ing,true,true,动词!E143:J143|动词!E150:J150,
maize,corn,noun,单数,true,true,名词!A155:C155,
maizes,corns,noun,复数,true,true,名词!B155:D155,
manipulise,manipulize,verb,原型,true,true,动词!A144:F144|动词!A151:F151,
manipulised,manipulized,verb,过去分词|过去时,true,true,动词!C144:H144|动词!C151:H151|动词!D144:I144|动词!D151:I151,
manipulises,manipulizes,verb,第三人称单数,true,true,动词!B144:G144|动词!B151:G151,
manipulising,manipulizing,verb,ing,true,true,动词!E144:J144|动词!E151:J151,
manoeuvre,maneuver,noun|verb,单数|原型,true,true,动词!A271:F271|动词!A275:F275|动词!A283:F283|名词!A159:C159|名词!A161:C161|名词!A392:C392,
manoeuvred,maneuvered,verb,过去分词|过去时,true,true,动词!C271:H271|动词!C275:H275|动词!C283:H283|动词!D271:I271|动词!D275:I275|动词!D283:I283,
manoeuvres,maneuvers,noun|verb,复数|第三人称单数,true,true,动词!B271:G271|动词!B275:G275|动词!B283:G283|名词!B159:D159|名词!B161:D161|名词!B392:D392,
manoeuvring,maneuvering,verb,ing,true,true,动词!E271:J271|动词!E275:J275|动词!E283:J283,
marginalised,marginalized,adjective,基本形式,true,true,形容词!A127:B127,
marks,grades,noun,单数|复数,true,true,名词!A156:C156|名词!B156:D156,
marshalled,marshaled,adjective,基本形式,true,true,形容词!A129:B129,
marshalling,marshaling,adjective,基本形式,true,true,形容词!A130:B130,
marvelled,marveled,verb,过去分词|过去时,true,true,动词!C265:H265|动词!C269:H269|动词!C277:H277|动词!D265:I265|动词!D269:I269|动词!D277:I277,
marvelling,marveling,verb,ing,true,true,动词!E265:J265|动词!E269:J269|动词!E277:J277,
materialisation,materialization,noun,单数,true,true,名词!A160:C160|名词!A162:C162|名词!A393:C393,
materialisations,materializations,noun,复数,true,true,名词!B160:D160|名词!B162:D162|名词!B393:D393,
materialise,materialize,verb,原型,true,true,动词!A145:F145|动词!A152:F152,
materialised,materialized,verb,过去分词|过去时,true,true,动词!C145:H145|动词!C152:H152|动词!D145:I145|动词!D152:I152,
materialises,materializes,verb,第三人称单数,true,true,动词!B145:G145|动词!B152:G152,
materialising,materializing,verb,ing,true,true,动词!E145:J145|动词!E152:J152,
maximise,maximize,verb,原型,true,true,动词!A153:F153,
maximised,maximized,adjective|verb,基本形式|过去分词|过去时,true,true,动词!C153:H153|动词!D153:I153|形容词!A128:B128,
maximises,maximizes,verb,第三人称单数,true,true,动词!B153:G153,
maximising,maximizing,verb,ing,true,true,动词!E153:J153,
mechanisation,mechanization,noun,单数,true,true,名词!A161:C161|名词!A163:C163|名词!A394:C394,
mechanisations,mechanizations,noun,复数,true,true,名词!B161:D161|名词!B163:D163|名词!B394:D394,
mechanise,mechanize,verb,原型,true,true,动词!A146:F146|动词!A154:F154,
mechanised,mechanized,verb,过去分词|过去时,true,true,动词!C146:H146|动词!C154:H154|动词!D146:I146|动词!D154:I154,
mechanises,mechanizes,verb,第三人称单数,true,true,动词!B146:G146|动词!B154:G154,
mechanising,mechanizing,verb,ing,true,true,动词!E146:J146|动词!E154:J154,
memorialisation,memorialization,noun,单数,true,true,名词!A162:C162|名词!A164:C164|名词!A395:C395,
memorialisations,memorializations,noun,复数,true,true,名词!B162:D162|名词!B164:D164|名词!B395:D395,
memorialise,memorialize,verb,原型,true,true,动词!A147:F147|动词!A155:F155,
memorialised,memorialized,verb,过去分词|过去时,true,true,动词!C147:H147|动词!C155:H155|动词!D147:I147|动词!D155:I155,
memorialises,memorializes,verb,第三人称单数,true,true,动词!B147:G147|动词!B155:G155,
memorialising,memorializing,verb,ing,true,true,动词!E147:J147|动词!E155:J155,
merchandise,merchandize,verb,原型,true,true,动词!A148:F148,
merchandised,merchandized,verb,过去分词|过去时,true,true,动词!C148:H148|动词!D148:I148,
merchandises,merchandizes,verb,第三人称单数,true,true,动词!B148:G148,
merchandising,merchandizing,verb,ing,true,true,动词!E148:J148,
metabolise,metabolize,verb,原型,true,true,动词!A148:F148|动词!A149:F149|动词!A156:F156,
metabolised,metabolized,verb,过去分词|过去时,true,true,动词!C148:H148|动词!C149:H149|动词!C156:H156|动词!D148:I148|动词!D149:I149|动词!D156:I156,
metabolises,metabolizes,verb,第三人称单数,true,true,动词!B148:G148|动词!B149:G149|动词!B156:G156,
metabolising,metabolizing,verb,ing,true,true,动词!E148:J148|动词!E149:J149|动词!E156:J156,
metalled road,paved road,noun,单数,true,true,名词!A157:C157,
metalled roads,paved roads,noun,复数,true,true,名词!B157:D157,
metre,meter,noun|verb,单数|原型,true,false,动词!A270:F270|动词!A274:F274|动词!A282:F282|名词!A13:C13|名词!A16:C16|名词!A396:C396,美式源词存在多个英式目标，已禁用美转英
metre-based,meter-based,adjective,基本形式,true,true,形容词!A129:B129|形容词!A131:B131,
metred,metered,verb,过去分词|过去时,true,true,动词!C270:H270|动词!C274:H274|动词!C282:H282|动词!D270:I270|动词!D274:I274|动词!D282:I282,
metres,meters,noun|verb,复数|第三人称单数,true,false,动词!B270:G270|动词!B274:G274|动词!B282:G282|名词!B13:D13|名词!B16:D16|名词!B396:D396,美式源词存在多个英式目标，已禁用美转英
metring,metering,verb,ing,true,true,动词!E270:J270|动词!E274:J274|动词!E282:J282,
micronise,micronize,verb,原型,true,true,动词!A149:F149|动词!A150:F150|动词!A157:F157,
micronised,micronized,verb,过去分词|过去时,true,true,动词!C149:H149|动词!C150:H150|动词!C157:H157|动词!D149:I149|动词!D150:I150|动词!D157:I157,
micronises,micronizes,verb,第三人称单数,true,true,动词!B149:G149|动词!B150:G150|动词!B157:G157,
micronising,micronizing,verb,ing,true,true,动词!E149:J149|动词!E150:J150|动词!E157:J157,
militarisation,militarization,noun,单数,true,true,名词!A163:C163|名词!A165:C165|名词!A397:C397,
militarisations,militarizations,noun,复数,true,true,名词!B163:D163|名词!B165:D165|名词!B397:D397,
militarise,militarize,verb,原型,true,true,动词!A150:F150|动词!A151:F151|动词!A158:F158,
militarised,militarized,verb,过去分词|过去时,true,true,动词!C150:H150|动词!C151:H151|动词!C158:H158|动词!D150:I150|动词!D151:I151|动词!D158:I158,
militarises,militarizes,verb,第三人称单数,true,true,动词!B150:G150|动词!B151:G151|动词!B158:G158,
militarising,militarizing,verb,ing,true,true,动词!E150:J150|动词!E151:J151|动词!E158:J158,
milometer,odometer,noun,单数,true,true,名词!A158:C158,
milometers,odometers,noun,复数,true,true,名词!B158:D158,
minced beef,ground beef,noun,单数,true,true,名词!A159:C159,
minced beefs,ground beefs,noun,复数,true,true,名词!B159:D159,
mincer,meat grinder,noun,单数,true,true,名词!A160:C160,
mincers,meat grinders,noun,复数,true,true,名词!B160:D160,
minimisation,minimization,noun,单数,true,true,名词!A172:C172,
minimise,minimize,verb,原型,true,true,动词!A151:F151|动词!A152:F152|动词!A159:F159,
minimised,minimized,verb,过去分词|过去时,true,true,动词!C151:H151|动词!C152:H152|动词!C159:H159|动词!D151:I151|动词!D152:I152|动词!D159:I159,
minimises,minimizes,verb,第三人称单数,true,true,动词!B151:G151|动词!B152:G152|动词!B159:G159,
minimising,minimizing,verb,ing,true,true,动词!E151:J151|动词!E152:J152|动词!E159:J159,
mobile phone,cell phone,noun,单数,true,true,名词!A14:C14|名词!A161:C161|名词!A17:C17,
mobile phones,cell phones,noun,复数,true,true,名词!B14:D14|名词!B161:D161|名词!B17:D17,
mobilisation,mobilization,noun,单数,true,true,名词!A164:C164|名词!A166:C166|名词!A398:C398,
mobilisations,mobilizations,noun,复数,true,true,名词!B164:D164|名词!B166:D166|名词!B398:D398,
mobilise,mobilize,verb,原型,true,true,动词!A152:F152|动词!A153:F153|动词!A160:F160,
mobilised,mobilized,verb,过去分词|过去时,true,true,动词!C152:H152|动词!C153:H153|动词!C160:H160|动词!D152:I152|动词!D153:I153|动词!D160:I160,
mobilises,mobilizes,verb,第三人称单数,true,true,动词!B152:G152|动词!B153:G153|动词!B160:G160,
mobilising,mobilizing,verb,ing,true,true,动词!E152:J152|动词!E153:J153|动词!E160:J160,
modelled,modeled,verb,过去分词|过去时,true,true,动词!C268:H268|动词!C272:H272|动词!C280:H280|动词!D268:I268|动词!D272:I272|动词!D280:I280,
modelling,modeling,verb,ing,true,true,动词!E268:J268|动词!E272:J272|动词!E280:J280,
modernisation,modernization,noun,单数,true,true,名词!A165:C165|名词!A167:C167|名词!A399:C399,
modernisations,modernizations,noun,复数,true,true,名词!B165:D165|名词!B167:D167|名词!B399:D399,
modernise,modernize,verb,原型,true,true,动词!A153:F153|动词!A154:F154|动词!A161:F161,
modernised,modernized,verb,过去分词|过去时,true,true,动词!C153:H153|动词!C154:H154|动词!C161:H161|动词!D153:I153|动词!D154:I154|动词!D161:I161,
modernises,modernizes,verb,第三人称单数,true,true,动词!B153:G153|动词!B154:G154|动词!B161:G161,
modernising,modernizing,verb,ing,true,true,动词!E153:J153|动词!E154:J154|动词!E161:J161,
monetise,monetize,verb,原型,true,true,动词!A154:F154|动词!A155:F155|动词!A162:F162,
monetised,monetized,verb,过去分词|过去时,true,true,动词!C154:H154|动词!C155:H155|动词!C162:H162|动词!D154:I154|动词!D155:I155|动词!D162:I162,
monetises,monetizes,verb,第三人称单数,true,true,动词!B154:G154|动词!B155:G155|动词!B162:G162,
monetising,monetizing,verb,ing,true,true,动词!E154:J154|动词!E155:J155|动词!E162:J162,
monopolisation,monopolization,noun,单数,true,true,名词!A166:C166|名词!A168:C168|名词!A400:C400,
monopolisations,monopolizations,noun,复数,true,true,名词!B166:D166|名词!B168:D168|名词!B400:D400,
moralisation,moralization,noun,单数,true,true,名词!A167:C167|名词!A169:C169|名词!A401:C401,
moralisations,moralizations,noun,复数,true,true,名词!B167:D167|名词!B169:D169|名词!B401:D401,
moralise,moralize,verb,原型,true,true,动词!A155:F155|动词!A156:F156|动词!A163:F163,
moralised,moralized,verb,过去分词|过去时,true,true,动词!C155:H155|动词!C156:H156|动词!C163:H163|动词!D155:I155|动词!D156:I156|动词!D163:I163,
moralises,moralizes,verb,第三人称单数,true,true,动词!B155:G155|动词!B156:G156|动词!B163:G163,
moralising,moralizing,verb,ing,true,true,动词!E155:J155|动词!E156:J156|动词!E163:J163,
motorisation,motorization,noun,单数,true,true,名词!A168:C168|名词!A170:C170|名词!A402:C402,
motorisations,motorizations,noun,复数,true,true,名词!B168:D168|名词!B170:D170|名词!B402:D402,
motorise,motorize,verb,原型,true,true,动词!A156:F156|动词!A157:F157|动词!A164:F164,
motorised,motorized,verb,过去分词|过去时,true,true,动词!C156:H156|动词!C157:H157|动词!C164:H164|动词!D156:I156|动词!D157:I157|动词!D164:I164,
motorises,motorizes,verb,第三人称单数,true,true,动词!B156:G156|动词!B157:G157|动词!B164:G164,
motorising,motorizing,verb,ing,true,true,动词!E156:J156|动词!E157:J157|动词!E164:J164,
motorway,freeway,noun,单数,true,true,名词!A15:C15|名词!A162:C162|名词!A18:C18,
motorway service area,rest area,noun,单数,true,true,名词!A163:C163|名词!A16:C16|名词!A19:C19,
motorway service areas,rest areas,noun,复数,true,true,名词!B163:D163|名词!B16:D16|名词!B19:D19,
motorways,freeways,noun,复数,true,true,名词!B15:D15|名词!B162:D162|名词!B18:D18,
mould,mold,noun,单数,true,true,名词!A169:C169|名词!A171:C171|名词!A403:C403,
moulds,molds,noun,复数,true,true,名词!B169:D169|名词!B171:D171|名词!B403:D403,
mum,mom,noun,单数,true,true,名词!A164:C164|名词!A17:C17|名词!A20:C20,
mums,moms,noun,复数,true,true,名词!B164:D164|名词!B17:D17|名词!B20:D20,
mutualise,mutualize,verb,原型,true,true,动词!A157:F157|动词!A158:F158|动词!A165:F165,
mutualised,mutualized,verb,过去分词|过去时,true,true,动词!C157:H157|动词!C158:H158|动词!C165:H165|动词!D157:I157|动词!D158:I158|动词!D165:I165,
mutualises,mutualizes,verb,第三人称单数,true,true,动词!B157:G157|动词!B158:G158|动词!B165:G165,
mutualising,mutualizing,verb,ing,true,true,动词!E157:J157|动词!E158:J158|动词!E165:J165,
nappies,diapers,noun,复数,true,true,名词!B165:D165|名词!B18:D18|名词!B21:D21,
nappy,diaper,noun,单数,true,true,名词!A165:C165|名词!A18:C18|名词!A21:C21,
narrativise,narrativize,verb,原型,true,true,动词!A166:F166|动词!A167:F167|动词!A175:F175,
narrativised,narrativized,verb,过去分词|过去时,true,true,动词!C166:H166|动词!C167:H167|动词!C175:H175|动词!D166:I166|动词!D167:I167|动词!D175:I175,
narrativises,narrativizes,verb,第三人称单数,true,true,动词!B166:G166|动词!B167:G167|动词!B175:G175,
narrativising,narrativizing,verb,ing,true,true,动词!E166:J166|动词!E167:J167|动词!E175:J175,
nasalise,nasalize,verb,原型,true,true,动词!A163:F163|动词!A164:F164|动词!A172:F172,
nasalised,nasalized,verb,过去分词|过去时,true,true,动词!C163:H163|动词!C164:H164|动词!C172:H172|动词!D163:I163|动词!D164:I164|动词!D172:I172,
nasalises,nasalizes,verb,第三人称单数,true,true,动词!B163:G163|动词!B164:G164|动词!B172:G172,
nasalising,nasalizing,verb,ing,true,true,动词!E163:J163|动词!E164:J164|动词!E172:J172,
nationalise,nationalize,verb,原型,true,true,动词!A158:F158|动词!A159:F159|动词!A166:F166,
nationalised,nationalized,verb,过去分词|过去时,true,true,动词!C158:H158|动词!C159:H159|动词!C166:H166|动词!D158:I158|动词!D159:I159|动词!D166:I166,
nationalises,nationalizes,verb,第三人称单数,true,true,动词!B158:G158|动词!B159:G159|动词!B166:G166,
nationalising,nationalizing,verb,ing,true,true,动词!E158:J158|动词!E159:J159|动词!E166:J166,
naturalise,naturalize,verb,原型,true,true,动词!A159:F159|动词!A160:F160|动词!A167:F167,
naturalised,naturalized,verb,过去分词|过去时,true,true,动词!C159:H159|动词!C160:H160|动词!C167:H167|动词!D159:I159|动词!D160:I160|动词!D167:I167,
naturalises,naturalizes,verb,第三人称单数,true,true,动词!B159:G159|动词!B160:G160|动词!B167:G167,
naturalising,naturalizing,verb,ing,true,true,动词!E159:J159|动词!E160:J160|动词!E167:J167,
naughts and crosses,tic-tac-toe,noun,单数,false,true,名词!A166:C166,英式源词存在多个美式目标，已禁用英转美
naughts and crosses,tic-tac-toes,noun,复数,false,true,名词!B166:D166,英式源词存在多个美式目标，已禁用英转美
necrotise,necrotize,verb,原型,true,true,动词!A164:F164|动词!A165:F165|动词!A173:F173,
necrotised,necrotized,verb,过去分词|过去时,true,true,动词!C164:H164|动词!C165:H165|动词!C173:H173|动词!D164:I164|动词!D165:I165|动词!D173:I173,
necrotises,necrotizes,verb,第三人称单数,true,true,动词!B164:G164|动词!B165:G165|动词!B173:G173,
necrotising,necrotizing,verb,ing,true,true,动词!E164:J164|动词!E165:J165|动词!E173:J173,
neighbour,neighbor,noun|verb,单数|原型,true,true,动词!A288:F288|动词!A292:F292|动词!A300:F300|名词!A170:C170|名词!A173:C173|名词!A404:C404,
neighboured,neighbored,verb,过去分词|过去时,true,true,动词!C288:H288|动词!C292:H292|动词!C300:H300|动词!D288:I288|动词!D292:I292|动词!D300:I300,
neighbourhood,neighborhood,noun,单数,true,true,名词!A171:C171|名词!A174:C174|名词!A405:C405,
neighbourhoods,neighborhoods,noun,复数,true,true,名词!B171:D171|名词!B174:D174|名词!B405:D405,
neighbouring,neighboring,adjective|verb,ing|基本形式,true,true,动词!E288:J288|动词!E292:J292|动词!E300:J300|形容词!A130:B130|形容词!A132:B132,
neighbourliness,neighborliness,noun,单数,true,true,名词!A172:C172|名词!A175:C175|名词!A406:C406,
neighbourlinesses,neighborlinesses,noun,复数,true,true,名词!B172:D172|名词!B175:D175|名词!B406:D406,
neighbourly,neighborly,adjective,基本形式,true,true,形容词!A131:B131|形容词!A133:B133,
neighbours,neighbors,noun|verb,复数|第三人称单数,true,true,动词!B288:G288|动词!B292:G292|动词!B300:G300|名词!B170:D170|名词!B173:D173|名词!B404:D404,
neuralise,neuralize,verb,原型,true,true,动词!A167:F167|动词!A168:F168|动词!A176:F176,
neuralised,neuralized,verb,过去分词|过去时,true,true,动词!C167:H167|动词!C168:H168|动词!C176:H176|动词!D167:I167|动词!D168:I168|动词!D176:I176,
neuralises,neuralizes,verb,第三人称单数,true,true,动词!B167:G167|动词!B168:G168|动词!B176:G176,
neuralising,neuralizing,verb,ing,true,true,动词!E167:J167|动词!E168:J168|动词!E176:J176,
neutralisation,neutralization,noun,单数,true,true,名词!A176:C176,
neutralise,neutralize,verb,原型,true,true,动词!A160:F160|动词!A161:F161|动词!A168:F168,
neutralised,neutralized,verb,过去分词|过去时,true,true,动词!C160:H160|动词!C161:H161|动词!C168:H168|动词!D160:I160|动词!D161:I161|动词!D168:I168,
neutralises,neutralizes,verb,第三人称单数,true,true,动词!B160:G160|动词!B161:G161|动词!B168:G168,
neutralising,neutralizing,verb,ing,true,true,动词!E160:J160|动词!E161:J161|动词!E168:J168,
newsagent,newsstand,noun,单数,true,true,名词!A167:C167,
newsagents,newsstands,noun,复数,true,true,名词!B167:D167,
nominalise,nominalize,verb,原型,true,true,动词!A165:F165|动词!A166:F166|动词!A174:F174,
nominalised,nominalized,verb,过去分词|过去时,true,true,动词!C165:H165|动词!C166:H166|动词!C174:H174|动词!D165:I165|动词!D166:I166|动词!D174:I174,
nominalises,nominalizes,verb,第三人称单数,true,true,动词!B165:G165|动词!B166:G166|动词!B174:G174,
nominalising,nominalizing,verb,ing,true,true,动词!E165:J165|动词!E166:J166|动词!E174:J174,
normalisation,normalization,noun,单数,true,true,名词!A173:C173|名词!A177:C177|名词!A407:C407,
normalisations,normalizations,noun,复数,true,true,名词!B173:D173|名词!B177:D177|名词!B407:D407,
normalise,normalize,verb,原型,true,true,动词!A161:F161|动词!A162:F162|动词!A169:F169,
normalised,normalized,verb,过去分词|过去时,true,true,动词!C161:H161|动词!C162:H162|动词!C169:H169|动词!D161:I161|动词!D162:I162|动词!D169:I169,
normalises,normalizes,verb,第三人称单数,true,true,动词!B161:G161|动词!B162:G162|动词!B169:G169,
normalising,normalizing,verb,ing,true,true,动词!E161:J161|动词!E162:J162|动词!E169:J169,
notarisation,notarization,noun,单数,true,true,名词!A178:C178,
notarise,notarize,verb,原型,true,true,动词!A171:F171,
notarised,notarized,adjective|verb,基本形式|过去分词|过去时,true,true,动词!C171:H171|动词!D171:I171|形容词!A132:B132|形容词!A134:B134,
notarises,notarizes,verb,第三人称单数,true,true,动词!B171:G171,
notarising,notarizing,verb,ing,true,true,动词!E171:J171,
novelise,novelize,verb,原型,true,true,动词!A162:F162|动词!A163:F163|动词!A170:F170,
novelised,novelized,verb,过去分词|过去时,true,true,动词!C162:H162|动词!C163:H163|动词!C170:H170|动词!D162:I162|动词!D163:I163|动词!D170:I170,
novelises,novelizes,verb,第三人称单数,true,true,动词!B162:G162|动词!B163:G163|动词!B170:G170,
novelising,novelizing,verb,ing,true,true,动词!E162:J162|动词!E163:J163|动词!E170:J170,
number plate,license plate,noun,单数,true,true,名词!A168:C168|名词!A19:C19|名词!A22:C22,
number plates,license plates,noun,复数,true,true,名词!B168:D168|名词!B19:D19|名词!B22:D22,
objectivise,objectivize,verb,原型,true,true,动词!A168:F168|动词!A169:F169|动词!A177:F177,
objectivised,objectivized,verb,过去分词|过去时,true,true,动词!C168:H168|动词!C169:H169|动词!C177:H177|动词!D168:I168|动词!D169:I169|动词!D177:I177,
objectivises,objectivizes,verb,第三人称单数,true,true,动词!B168:G168|动词!B169:G169|动词!B177:G177,
objectivising,objectivizing,verb,ing,true,true,动词!E168:J168|动词!E169:J169|动词!E177:J177,
occidentalised,occidentalized,adjective,基本形式,true,true,形容词!A133:B133|形容词!A135:B135,
odour,odor,noun,单数,true,true,名词!A174:C174|名词!A179:C179|名词!A408:C408,
odours,odors,noun,复数,true,true,名词!B174:D174|名词!B179:D179|名词!B408:D408,
oesophagi,esophagi,noun,复数,true,true,名词!B175:D175|名词!B180:D180|名词!B409:D409,
oesophagus,esophagus,noun,单数,true,true,名词!A175:C175|名词!A180:C180|名词!A409:C409,
off-licence,liquor store,noun,单数,true,true,名词!A169:C169,
off-licences,liquor stores,noun,复数,true,true,名词!B169:D169,
officialise,officialize,verb,原型,true,true,动词!A169:F169|动词!A170:F170|动词!A178:F178,
officialised,officialized,verb,过去分词|过去时,true,true,动词!C169:H169|动词!C170:H170|动词!C178:H178|动词!D169:I169|动词!D170:I170|动词!D178:I178,
officialises,officializes,verb,第三人称单数,true,true,动词!B169:G169|动词!B170:G170|动词!B178:G178,
officialising,officializing,verb,ing,true,true,动词!E169:J169|动词!E170:J170|动词!E178:J178,
operationalised,operationalized,adjective,基本形式,true,true,形容词!A134:B134|形容词!A136:B136,
optimisation,optimization,noun,单数,true,true,名词!A183:C183,
optimise,optimize,verb,原型,true,true,动词!A171:F171|动词!A172:F172|动词!A180:F180,
optimised,optimized,verb,过去分词|过去时,true,true,动词!C171:H171|动词!C172:H172|动词!C180:H180|动词!D171:I171|动词!D172:I172|动词!D180:I180,
optimises,optimizes,verb,第三人称单数,true,true,动词!B171:G171|动词!B172:G172|动词!B180:G180,
optimising,optimizing,verb,ing,true,true,动词!E171:J171|动词!E172:J172|动词!E180:J180,
ordinary share,common stock,noun,单数,true,true,名词!A170:C170,
ordinary shares,common stocks,noun,复数,true,true,名词!B170:D170,
organisation,organization,noun,单数,true,true,名词!A176:C176|名词!A181:C181|名词!A410:C410,
organisational,organizational,adjective,基本形式,true,true,形容词!A139:B139,
organisations,organizations,noun,复数,true,true,名词!B176:D176|名词!B181:D181|名词!B410:D410,
organise,organize,verb,原型,true,true,动词!A170:F170|动词!A171:F171|动词!A179:F179,
organised,organized,verb,过去分词|过去时,true,true,动词!C170:H170|动词!C171:H171|动词!C179:H179|动词!D170:I170|动词!D171:I171|动词!D179:I179,
organiser,organizer,noun,单数,true,true,名词!A177:C177|名词!A182:C182|名词!A411:C411,
organisers,organizers,noun,复数,true,true,名词!B177:D177|名词!B182:D182|名词!B411:D411,
organises,organizes,verb,第三人称单数,true,true,动词!B170:G170|动词!B171:G171|动词!B179:G179,
organising,organizing,verb,ing,true,true,动词!E170:J170|动词!E171:J171|动词!E179:J179,
orthopaedic,orthopedic,adjective,基本形式,true,true,形容词!A135:B135|形容词!A137:B137,
orthopaedical,orthopedical,adjective,基本形式,true,true,形容词!A136:B136|形容词!A138:B138,
overbridge,overpass,noun,单数,true,false,名词!A171:C171|名词!A20:C20|名词!A23:C23,美式源词存在多个英式目标，已禁用美转英
overbridges,overpasses,noun,复数,true,false,名词!B171:D171|名词!B20:D20|名词!B23:D23,美式源词存在多个英式目标，已禁用美转英
overemphasise,overemphasize,verb,原型,true,true,动词!A172:F172|动词!A173:F173|动词!A181:F181,
overemphasised,overemphasized,verb,过去分词|过去时,true,true,动词!C172:H172|动词!C173:H173|动词!C181:H181|动词!D172:I172|动词!D173:I173|动词!D181:I181,
overemphasises,overemphasizes,verb,第三人称单数,true,true,动词!B172:G172|动词!B173:G173|动词!B181:G181,
overemphasising,overemphasizing,verb,ing,true,true,动词!E172:J172|动词!E173:J173|动词!E181:J181,
oxidise,oxidize,verb,原型,true,true,动词!A173:F173|动词!A174:F174|动词!A182:F182,
oxidised,oxidized,verb,过去分词|过去时,true,true,动词!C173:H173|动词!C174:H174|动词!C182:H182|动词!D173:I173|动词!D174:I174|动词!D182:I182,
oxidises,oxidizes,verb,第三人称单数,true,true,动词!B173:G173|动词!B174:G174|动词!B182:G182,
oxidising,oxidizing,verb,ing,true,true,动词!E173:J173|动词!E174:J174|动词!E182:J182,
packet,pack,noun,单数,false,true,名词!A172:C172,英式源词存在多个美式目标，已禁用英转美
packet,packs,noun,复数,false,true,名词!B172:D172,英式源词存在多个美式目标，已禁用英转美
paediatric,pediatric,adjective,基本形式,true,true,形容词!A137:B137|形容词!A140:B140,
paediatrician,pediatrician,noun,单数,true,true,名词!A178:C178|名词!A184:C184|名词!A412:C412,
paediatricians,pediatricians,noun,复数,true,true,名词!B178:D178|名词!B184:D184|名词!B412:D412,
paediatrics,pediatrics,noun,单数|复数,true,true,名词!A179:C179|名词!A185:C185|名词!A413:C413|名词!B179:D179|名词!B185:D185|名词!B413:D413,
paedophile,pedophile,noun,单数,true,true,名词!A180:C180|名词!A186:C186|名词!A414:C414,
paedophiles,pedophiles,noun,复数,true,true,名词!B180:D180|名词!B186:D186|名词!B414:D414,
palaeographies,paleographies,noun,复数,true,true,名词!B181:D181|名词!B187:D187|名词!B415:D415,
palaeographise,paleographize,verb,原型,true,true,动词!A174:F174|动词!A175:F175|动词!A183:F183,
palaeographised,paleographized,verb,过去分词|过去时,true,true,动词!C174:H174|动词!C175:H175|动词!C183:H183|动词!D174:I174|动词!D175:I175|动词!D183:I183,
palaeographises,paleographizes,verb,第三人称单数,true,true,动词!B174:G174|动词!B175:G175|动词!B183:G183,
palaeographising,paleographizing,verb,ing,true,true,动词!E174:J174|动词!E175:J175|动词!E183:J183,
palaeography,paleography,noun,单数,true,true,名词!A181:C181|名词!A187:C187|名词!A415:C415,
palaeontologies,paleontologies,noun,复数,true,true,名词!B182:D182|名词!B188:D188|名词!B416:D416,
palaeontology,paleontology,noun,单数,true,true,名词!A182:C182|名词!A188:C188|名词!A416:C416,
palatalised,palatalized,adjective,基本形式,true,true,形容词!A138:B138|形容词!A141:B141,
panelled,paneled,verb,过去分词|过去时,true,true,动词!C187:H187|动词!D187:I187,
panelling,paneling,verb,ing,true,true,动词!E187:J187,
parallelised,parallelized,adjective,基本形式,true,true,形容词!A139:B139|形容词!A142:B142,
paralyse,paralyze,verb,原型,true,true,动词!A175:F175|动词!A176:F176|动词!A184:F184,
paralysed,paralyzed,verb,过去分词|过去时,true,true,动词!C175:H175|动词!C176:H176|动词!C184:H184|动词!D175:I175|动词!D176:I176|动词!D184:I184,
paralyses,paralyzes,verb,第三人称单数,true,true,动词!B175:G175|动词!B176:G176|动词!B184:G184,
paralysing,paralyzing,verb,ing,true,true,动词!E175:J175|动词!E176:J176|动词!E184:J184,
parcel shelf,rear deck,noun,单数,true,true,名词!A173:C173|名词!A21:C21|名词!A24:C24,
parcel shelves,rear decks,noun,复数,true,true,名词!B173:D173|名词!B21:D21|名词!B24:D24,
parking meter,meter,noun,单数,true,false,名词!A174:C174,美式源词存在多个英式目标，已禁用美转英
parking meters,meters,noun,复数,true,false,名词!B174:D174,美式源词存在多个英式目标，已禁用美转英
parlour,parlor,noun,单数,true,true,名词!A184:C184|名词!A190:C190|名词!A418:C418,
parlours,parlors,noun,复数,true,true,名词!B184:D184|名词!B190:D190|名词!B418:D418,
particularisation,particularization,noun,单数,true,true,名词!A185:C185|名词!A191:C191|名词!A419:C419,
particularisations,particularizations,noun,复数,true,true,名词!B185:D185|名词!B191:D191|名词!B419:D419,
passengerisation,passengerization,noun,单数,true,true,名词!A186:C186|名词!A192:C192|名词!A420:C420,
passengerisations,passengerizations,noun,复数,true,true,名词!B186:D186|名词!B192:D192|名词!B420:D420,
pasteurisation,pasteurization,noun,单数,true,true,名词!A187:C187|名词!A193:C193|名词!A421:C421,
pasteurisations,pasteurizations,noun,复数,true,true,名词!B187:D187|名词!B193:D193|名词!B421:D421,
pasteurise,pasteurize,verb,原型,true,true,动词!A177:F177|动词!A187:F187|动词!A190:F190|动词!A198:F198,
pasteurised,pasteurized,verb,过去分词|过去时,true,true,动词!C177:H177|动词!C187:H187|动词!C190:H190|动词!C198:H198|动词!D177:I177|动词!D187:I187|动词!D190:I190|动词!D198:I198,
pasteurises,pasteurizes,verb,第三人称单数,true,true,动词!B177:G177|动词!B187:G187|动词!B190:G190|动词!B198:G198,
pasteurising,pasteurizing,verb,ing,true,true,动词!E177:J177|动词!E187:J187|动词!E190:J190|动词!E198:J198,
patronise,patronize,verb,原型,true,true,动词!A176:F176|动词!A178:F178|动词!A185:F185,
patronised,patronized,verb,过去分词|过去时,true,true,动词!C176:H176|动词!C178:H178|动词!C185:H185|动词!D176:I176|动词!D178:I178|动词!D185:I185,
patronises,patronizes,verb,第三人称单数,true,true,动词!B176:G176|动词!B178:G178|动词!B185:G185,
patronising,patronizing,verb,ing,true,true,动词!E176:J176|动词!E178:J178|动词!E185:J185,
pauperise,pauperize,verb,原型,true,true,动词!A177:F177|动词!A179:F179|动词!A186:F186,
pauperised,pauperized,verb,过去分词|过去时,true,true,动词!C177:H177|动词!C179:H179|动词!C186:H186|动词!D177:I177|动词!D179:I179|动词!D186:I186,
pauperises,pauperizes,verb,第三人称单数,true,true,动词!B177:G177|动词!B179:G179|动词!B186:G186,
pauperising,pauperizing,verb,ing,true,true,动词!E177:J177|动词!E179:J179|动词!E186:J186,
pavement,sidewalk,noun,单数,true,true,名词!A175:C175|名词!A22:C22|名词!A25:C25,
pavements,sidewalks,noun,复数,true,true,名词!B175:D175|名词!B22:D22|名词!B25:D25,
pedalled,pedaled,verb,过去分词|过去时,true,true,动词!C189:H189|动词!D189:I189,
pedalling,pedaling,verb,ing,true,true,动词!E189:J189,
pedestrian crossing,crosswalk,noun,单数,true,false,名词!A176:C176|名词!A23:C23|名词!A26:C26,美式源词存在多个英式目标，已禁用美转英
pedestrian crossings,crosswalks,noun,复数,true,false,名词!B176:D176|名词!B23:D23|名词!B26:D26,美式源词存在多个英式目标，已禁用美转英
pedestrianise,pedestrianize,verb,原型,true,true,动词!A178:F178|动词!A180:F180|动词!A188:F188,
pedestrianised,pedestrianized,verb,过去分词|过去时,true,true,动词!C178:H178|动词!C180:H180|动词!C188:H188|动词!D178:I178|动词!D180:I180|动词!D188:I188,
pedestrianises,pedestrianizes,verb,第三人称单数,true,true,动词!B178:G178|动词!B180:G180|动词!B188:G188,
pedestrianising,pedestrianizing,verb,ing,true,true,动词!E178:J178|动词!E180:J180|动词!E188:J188,
pelmet,valance,noun,单数,true,true,名词!A177:C177|名词!A24:C24|名词!A27:C27,
pelmets,valances,noun,复数,true,true,名词!B177:D177|名词!B24:D24|名词!B27:D27,
penalisation,penalization,noun,单数,true,true,名词!A188:C188|名词!A194:C194|名词!A422:C422,
penalisations,penalizations,noun,复数,true,true,名词!B188:D188|名词!B194:D194|名词!B422:D422,
penalise,penalize,verb,原型,true,true,动词!A179:F179|动词!A181:F181|动词!A190:F190,
penalised,penalized,verb,过去分词|过去时,true,true,动词!C179:H179|动词!C181:H181|动词!C190:H190|动词!D179:I179|动词!D181:I181|动词!D190:I190,
penalises,penalizes,verb,第三人称单数,true,true,动词!B179:G179|动词!B181:G181|动词!B190:G190,
penalising,penalizing,verb,ing,true,true,动词!E179:J179|动词!E181:J181|动词!E190:J190,
personalisation,personalization,noun,单数,true,true,名词!A195:C195,
personalised,personalized,adjective,基本形式,true,true,形容词!A140:B140|形容词!A143:B143,
petrol,gasoline,noun,单数,true,true,名词!A178:C178|名词!A189:C189|名词!A196:C196|名词!A423:C423,
petrol station,gas station,noun,单数,true,true,名词!A179:C179|名词!A25:C25|名词!A28:C28,
petrol stations,gas stations,noun,复数,true,true,名词!B179:D179|名词!B25:D25|名词!B28:D28,
petrols,gasolines,noun,复数,true,true,名词!B178:D178|名词!B189:D189|名词!B196:D196|名词!B423:D423,
philosophise,philosophize,verb,原型,true,true,动词!A186:F186|动词!A189:F189|动词!A197:F197,
philosophised,philosophized,verb,过去分词|过去时,true,true,动词!C186:H186|动词!C189:H189|动词!C197:H197|动词!D186:I186|动词!D189:I189|动词!D197:I197,
philosophises,philosophizes,verb,第三人称单数,true,true,动词!B186:G186|动词!B189:G189|动词!B197:G197,
philosophising,philosophizing,verb,ing,true,true,动词!E186:J186|动词!E189:J189|动词!E197:J197,
phone box,phone booth,noun,单数,true,true,名词!A180:C180|名词!A26:C26|名词!A29:C29,
phone boxes,phone booths,noun,复数,true,true,名词!B180:D180|名词!B26:D26|名词!B29:D29,
phoney,phony,noun,单数,true,true,名词!A190:C190|名词!A197:C197|名词!A424:C424,
phoneys,phonies,noun,复数,true,true,名词!B190:D190|名词!B197:D197|名词!B424:D424,
pillar box,mailbox,noun,单数,true,false,名词!A181:C181,美式源词存在多个英式目标，已禁用美转英
pillar boxes,mailboxes,noun,复数,true,false,名词!B181:D181,美式源词存在多个英式目标，已禁用美转英
pinnies,aprons,noun,复数,true,true,名词!B182:D182|名词!B27:D27|名词!B30:D30,
pinny,apron,noun,单数,true,true,名词!A182:C182|名词!A27:C27|名词!A30:C30,
plain flour,all-purpose flour,noun,单数,true,true,名词!A183:C183,
plain flours,all-purpose flours,noun,复数,true,true,名词!B183:D183,
plaster,bandage,noun,单数,true,true,名词!A184:C184,
plasters,bandages,noun,复数,true,true,名词!B184:D184,
plough,plow,noun,单数,true,true,名词!A191:C191|名词!A198:C198|名词!A425:C425,
ploughs,plows,noun,复数,true,true,名词!B191:D191|名词!B198:D198|名词!B425:D425,
pluralise,pluralize,verb,原型,true,true,动词!A185:F185|动词!A188:F188|动词!A196:F196,
pluralised,pluralized,verb,过去分词|过去时,true,true,动词!C185:H185|动词!C188:H188|动词!C196:H196|动词!D185:I185|动词!D188:I188|动词!D196:I196,
pluralises,pluralizes,verb,第三人称单数,true,true,动词!B185:G185|动词!B188:G188|动词!B196:G196,
pluralising,pluralizing,verb,ing,true,true,动词!E185:J185|动词!E188:J188|动词!E196:J196,
polarisation,polarization,noun,单数,true,true,名词!A192:C192|名词!A199:C199|名词!A426:C426,
polarisations,polarizations,noun,复数,true,true,名词!B192:D192|名词!B199:D199|名词!B426:D426,
polarise,polarize,verb,原型,true,true,动词!A184:F184|动词!A187:F187|动词!A195:F195,
polarised,polarized,verb,过去分词|过去时,true,true,动词!C184:H184|动词!C187:H187|动词!C195:H195|动词!D184:I184|动词!D187:I187|动词!D195:I195,
polarises,polarizes,verb,第三人称单数,true,true,动词!B184:G184|动词!B187:G187|动词!B195:G195,
polarising,polarizing,verb,ing,true,true,动词!E184:J184|动词!E187:J187|动词!E195:J195,
policeman,police officer,noun,单数,true,true,名词!A185:C185,
policemen,police officers,noun,复数,true,true,名词!B185:D185,
politicised,politicized,adjective,基本形式,true,true,形容词!A141:B141|形容词!A144:B144,
polythene bag,plastic bag,noun,单数,true,true,名词!A186:C186,
polythene bags,plastic bags,noun,复数,true,true,名词!B186:D186,
popularisation,popularization,noun,单数,true,true,名词!A193:C193|名词!A200:C200|名词!A427:C427,
popularisations,popularizations,noun,复数,true,true,名词!B193:D193|名词!B200:D200|名词!B427:D427,
popularise,popularize,verb,原型,true,true,动词!A180:F180|动词!A182:F182|动词!A191:F191,
popularised,popularized,verb,过去分词|过去时,true,true,动词!C180:H180|动词!C182:H182|动词!C191:H191|动词!D180:I180|动词!D182:I182|动词!D191:I191,
popularises,popularizes,verb,第三人称单数,true,true,动词!B180:G180|动词!B182:G182|动词!B191:G191,
popularising,popularizing,verb,ing,true,true,动词!E180:J180|动词!E182:J182|动词!E191:J191,
post,mail,noun,单数,true,true,名词!A187:C187,
postbox,mailbox,noun,单数,true,false,名词!A188:C188,美式源词存在多个英式目标，已禁用美转英
postboxes,mailboxes,noun,复数,true,false,名词!B188:D188,美式源词存在多个英式目标，已禁用美转英
postcode,zip code,noun,单数,true,true,名词!A189:C189|名词!A28:C28|名词!A31:C31,
postcodes,zip codes,noun,复数,true,true,名词!B189:D189|名词!B28:D28|名词!B31:D31,
postman,mail carrier,noun,单数,true,false,名词!A190:C190|名词!A29:C29|名词!A32:C32,美式源词存在多个英式目标，已禁用美转英
postmen,mail carriers,noun,复数,true,false,名词!B190:D190|名词!B29:D29|名词!B32:D32,美式源词存在多个英式目标，已禁用美转英
posts,mails,noun,复数,true,true,名词!B187:D187,
postwoman,mail carrier,noun,单数,true,false,名词!A191:C191|名词!A30:C30|名词!A33:C33,美式源词存在多个英式目标，已禁用美转英
postwomen,mail carriers,noun,复数,true,false,名词!B191:D191|名词!B30:D30|名词!B33:D33,美式源词存在多个英式目标，已禁用美转英
potato crisp,potato chip,noun,单数,true,true,名词!A192:C192,
potato crisps,potato chips,noun,复数,true,false,名词!B192:D192,美式源词存在多个英式目标，已禁用美转英
practise,practice,noun|verb,单数|原型,false,true,动词!A275:F275|动词!A279:F279|名词!A196:C196|名词!A430:C430,英式源词存在多个美式目标，已禁用英转美
practise,practize,verb,原型,false,true,动词!A183:F183,英式源词存在多个美式目标，已禁用英转美
practised,practiced,verb,过去分词|过去时,false,true,动词!C275:H275|动词!C279:H279|动词!C286:H286|动词!D275:I275|动词!D279:I279|动词!D286:I286,英式源词存在多个美式目标，已禁用英转美
practised,practized,verb,过去分词|过去时,false,true,动词!C183:H183|动词!D183:I183,英式源词存在多个美式目标，已禁用英转美
practises,practices,noun|verb,复数|第三人称单数,false,true,动词!B275:G275|动词!B279:G279|名词!B196:D196|名词!B430:D430,英式源词存在多个美式目标，已禁用英转美
practises,practizes,verb,第三人称单数,false,true,动词!B183:G183,英式源词存在多个美式目标，已禁用英转美
practising,practicing,verb,ing,false,true,动词!E275:J275|动词!E279:J279|动词!E286:J286,英式源词存在多个美式目标，已禁用英转美
practising,practizing,verb,ing,false,true,动词!E183:J183,英式源词存在多个美式目标，已禁用英转美
pram,baby carriage,noun,单数,true,true,名词!A193:C193,
prams,baby carriages,noun,复数,true,true,名词!B193:D193,
press-up,push-up,noun,单数,true,true,名词!A194:C194,
press-ups,push-ups,noun,复数,true,true,名词!B194:D194,
pressurise,pressurize,verb,原型,true,true,动词!A181:F181|动词!A184:F184|动词!A192:F192,
pressurised,pressurized,verb,过去分词|过去时,true,true,动词!C181:H181|动词!C184:H184|动词!C192:H192|动词!D181:I181|动词!D184:I184|动词!D192:I192,
pressurises,pressurizes,verb,第三人称单数,true,true,动词!B181:G181|动词!B184:G184|动词!B192:G192,
pressurising,pressurizing,verb,ing,true,true,动词!E181:J181|动词!E184:J184|动词!E192:J192,
primers,premiers,noun,复数,true,true,名词!B197:D197|名词!B202:D202|名词!B431:D431,
prioritisation,prioritization,noun,单数,true,true,名词!A198:C198|名词!A203:C203|名词!A432:C432,
prioritisations,prioritizations,noun,复数,true,true,名词!B198:D198|名词!B203:D203|名词!B432:D432,
prioritise,prioritize,verb,原型,true,true,动词!A182:F182|动词!A185:F185|动词!A193:F193,
prioritised,prioritized,verb,过去分词|过去时,true,true,动词!C182:H182|动词!C185:H185|动词!C193:H193|动词!D182:I182|动词!D185:I185|动词!D193:I193,
prioritises,prioritizes,verb,第三人称单数,true,true,动词!B182:G182|动词!B185:G185|动词!B193:G193,
prioritising,prioritizing,verb,ing,true,true,动词!E182:J182|动词!E185:J185|动词!E193:J193,
privatisation,privatization,noun,单数,true,true,名词!A199:C199|名词!A204:C204|名词!A433:C433,
privatisations,privatizations,noun,复数,true,true,名词!B199:D199|名词!B204:D204|名词!B433:D433,
privatise,privatize,verb,原型,true,true,动词!A183:F183|动词!A186:F186|动词!A194:F194,
privatised,privatized,verb,过去分词|过去时,true,true,动词!C183:H183|动词!C186:H186|动词!C194:H194|动词!D183:I183|动词!D186:I186|动词!D194:I194,
privatises,privatizes,verb,第三人称单数,true,true,动词!B183:G183|动词!B186:G186|动词!B194:G194,
privatising,privatizing,verb,ing,true,true,动词!E183:J183|动词!E186:J186|动词!E194:J194,
professionalised,professionalized,adjective,基本形式,true,true,形容词!A142:B142|形容词!A145:B145,
programme,program,noun|verb,单数|原型,true,true,动词!A274:F274|动词!A278:F278|名词!A195:C195|名词!A429:C429,
programmes,programs,noun|verb,复数|第三人称单数,true,true,动词!B274:G274|动词!B278:G278|名词!B195:D195|名词!B429:D429,
propagandisation,propagandization,noun,单数,true,true,名词!A200:C200|名词!A205:C205|名词!A434:C434,
propagandisations,propagandizations,noun,复数,true,true,名词!B200:D200|名词!B205:D205|名词!B434:D434,
public transport,transit,noun,单数,true,true,名词!A195:C195,
public transports,transits,noun,复数,true,true,名词!B195:D195,
publicise,publicize,verb,原型,true,true,动词!A188:F188|动词!A191:F191|动词!A199:F199,
publicised,publicized,verb,过去分词|过去时,true,true,动词!C188:H188|动词!C191:H191|动词!C199:H199|动词!D188:I188|动词!D191:I191|动词!D199:I199,
publicises,publicizes,verb,第三人称单数,true,true,动词!B188:G188|动词!B191:G191|动词!B199:G199,
publicising,publicizing,verb,ing,true,true,动词!E188:J188|动词!E191:J191|动词!E199:J199,
pullover,sweater,noun,单数,true,false,名词!A196:C196,美式源词存在多个英式目标，已禁用美转英
pullovers,sweaters,noun,复数,true,false,名词!B196:D196,美式源词存在多个英式目标，已禁用美转英
pulverisation,pulverization,noun,单数,true,true,名词!A201:C201|名词!A206:C206|名词!A435:C435,
pulverisations,pulverizations,noun,复数,true,true,名词!B201:D201|名词!B206:D206|名词!B435:D435,
pushchair,stroller,noun,单数,true,true,名词!A197:C197,
pushchairs,strollers,noun,复数,true,true,名词!B197:D197,
pyjamas,pajamas,noun,单数|复数,true,true,名词!A198:C198|名词!A202:C202|名词!A207:C207|名词!A436:C436|名词!B198:D198|名词!B202:D202|名词!B207:D207|名词!B436:D436,
quarrelled,quarreled,verb,过去分词|过去时,true,true,动词!C261:H261|动词!C265:H265|动词!C273:H273|动词!D261:I261|动词!D265:I265|动词!D273:I273,
quarrelling,quarreling,adjective|verb,ing|基本形式,true,true,动词!E261:J261|动词!E265:J265|动词!E273:J273|形容词!A143:B143|形容词!A146:B146,
queue,line,noun,单数,true,true,名词!A199:C199,
queues,lines,noun,复数,true,true,名词!B199:D199,
quid,buck,noun,单数,false,true,名词!A200:C200,英式源词存在多个美式目标，已禁用英转美
quid,bucks,noun,复数,false,true,名词!B200:D200,英式源词存在多个美式目标，已禁用英转美
radicalise,radicalize,verb,原型,true,true,动词!A189:F189|动词!A192:F192|动词!A200:F200,
radicalised,radicalized,verb,过去分词|过去时,true,true,动词!C189:H189|动词!C192:H192|动词!C200:H200|动词!D189:I189|动词!D192:I192|动词!D200:I200,
radicalises,radicalizes,verb,第三人称单数,true,true,动词!B189:G189|动词!B192:G192|动词!B200:G200,
radicalising,radicalizing,verb,ing,true,true,动词!E189:J189|动词!E192:J192|动词!E200:J200,
railway,railroad,noun,单数,true,true,名词!A201:C201,
railway carriage,railroad car,noun,单数,true,true,名词!A202:C202,
railway carriages,railroad cars,noun,复数,true,true,名词!B202:D202,
railways,railroads,noun,复数,true,true,名词!B201:D201,
randomise,randomize,verb,原型,true,true,动词!A190:F190|动词!A193:F193|动词!A201:F201,
randomised,randomized,verb,过去分词|过去时,true,true,动词!C190:H190|动词!C193:H193|动词!C201:H201|动词!D190:I190|动词!D193:I193|动词!D201:I201,
randomises,randomizes,verb,第三人称单数,true,true,动词!B190:G190|动词!B193:G193|动词!B201:G201,
randomising,randomizing,verb,ing,true,true,动词!E190:J190|动词!E193:J193|动词!E201:J201,
rat-run,short-cut street,noun,单数,true,true,名词!A203:C203,
rat-runs,short-cut streets,noun,复数,true,true,名词!B203:D203,
rationalise,rationalize,verb,原型,true,true,动词!A199:F199|动词!A202:F202|动词!A210:F210,
rationalised,rationalized,verb,过去分词|过去时,true,true,动词!C199:H199|动词!C202:H202|动词!C210:H210|动词!D199:I199|动词!D202:I202|动词!D210:I210,
rationalises,rationalizes,verb,第三人称单数,true,true,动词!B199:G199|动词!B202:G202|动词!B210:G210,
rationalising,rationalizing,verb,ing,true,true,动词!E199:J199|动词!E202:J202|动词!E210:J210,
ready meal,frozen dinner,noun,单数,true,true,名词!A204:C204,
ready meals,frozen dinners,noun,复数,true,true,名词!B204:D204,
realisable,realizable,adjective,基本形式,true,true,形容词!A144:B144|形容词!A147:B147,
realisation,realization,noun,单数,true,true,名词!A215:C215,
realise,realize,verb,原型,true,true,动词!A191:F191|动词!A194:F194|动词!A202:F202,
realised,realized,verb,过去分词|过去时,true,true,动词!C191:H191|动词!C194:H194|动词!C202:H202|动词!D191:I191|动词!D194:I194|动词!D202:I202,
realises,realizes,verb,第三人称单数,true,true,动词!B191:G191|动词!B194:G194|动词!B202:G202,
realising,realizing,verb,ing,true,true,动词!E191:J191|动词!E194:J194|动词!E202:J202,
rear light,taillight,noun,单数,true,true,名词!A205:C205|名词!A31:C31|名词!A34:C34,
rear lights,taillights,noun,复数,true,true,名词!B205:D205|名词!B31:D31|名词!B34:D34,
recognisable,recognizable,noun,单数,true,true,名词!A204:C204|名词!A209:C209|名词!A438:C438,
recognisables,recognizables,noun,复数,true,true,名词!B204:D204|名词!B209:D209|名词!B438:D438,
recognisance,recognizance,noun,单数,true,true,名词!A203:C203|名词!A208:C208|名词!A437:C437,
recognisances,recognizances,noun,复数,true,true,名词!B203:D203|名词!B208:D208|名词!B437:D437,
recognise,recognize,verb,原型,true,true,动词!A192:F192|动词!A195:F195|动词!A203:F203,
recognised,recognized,verb,过去分词|过去时,true,true,动词!C192:H192|动词!C195:H195|动词!C203:H203|动词!D192:I192|动词!D195:I195|动词!D203:I203,
recognises,recognizes,verb,第三人称单数,true,true,动词!B192:G192|动词!B195:G195|动词!B203:G203,
recognising,recognizing,verb,ing,true,true,动词!E192:J192|动词!E195:J195|动词!E203:J203,
reconceptualise,reconceptualize,verb,原型,true,true,动词!A201:F201|动词!A204:F204|动词!A212:F212,
reconceptualised,reconceptualized,verb,过去分词|过去时,true,true,动词!C201:H201|动词!C204:H204|动词!C212:H212|动词!D201:I201|动词!D204:I204|动词!D212:I212,
reconceptualises,reconceptualizes,verb,第三人称单数,true,true,动词!B201:G201|动词!B204:G204|动词!B212:G212,
reconceptualising,reconceptualizing,verb,ing,true,true,动词!E201:J201|动词!E204:J204|动词!E212:J212,
reconnoiter,reconnoitre,verb,原型,false,false,动词!A197:F197|动词!A200:F200|动词!A208:F208,美式源词同时是美转英目标，为保证幂等已禁用美转英；英式源词同时是英转美目标，为保证幂等已禁用英转美
reconnoitered,reconnoitred,verb,过去分词|过去时,false,false,动词!C197:H197|动词!C200:H200|动词!C208:H208|动词!D197:I197|动词!D200:I200|动词!D208:I208,美式源词同时是美转英目标，为保证幂等已禁用美转英；英式源词同时是英转美目标，为保证幂等已禁用英转美
reconnoitering,reconnoitring,verb,ing,false,false,动词!E197:J197|动词!E200:J200|动词!E208:J208,美式源词同时是美转英目标，为保证幂等已禁用美转英；英式源词同时是英转美目标，为保证幂等已禁用英转美
reconnoiters,reconnoitres,verb,第三人称单数,false,false,动词!B197:G197|动词!B200:G200|动词!B208:G208,美式源词同时是美转英目标，为保证幂等已禁用美转英；英式源词同时是英转美目标，为保证幂等已禁用英转美
reconnoitre,reconnoiter,verb,原型,false,false,动词!A272:F272|动词!A276:F276|动词!A284:F284,美式源词同时是美转英目标，为保证幂等已禁用美转英；英式源词同时是英转美目标，为保证幂等已禁用英转美
reconnoitred,reconnoitered,verb,过去分词|过去时,false,false,动词!C272:H272|动词!C276:H276|动词!C284:H284|动词!D272:I272|动词!D276:I276|动词!D284:I284,美式源词同时是美转英目标，为保证幂等已禁用美转英；英式源词同时是英转美目标，为保证幂等已禁用英转美
reconnoitres,reconnoiters,verb,第三人称单数,false,false,动词!B272:G272|动词!B276:G276|动词!B284:G284,美式源词同时是美转英目标，为保证幂等已禁用美转英；英式源词同时是英转美目标，为保证幂等已禁用英转美
reconnoitring,reconnoitering,verb,ing,false,false,动词!E272:J272|动词!E276:J276|动词!E284:J284,美式源词同时是美转英目标，为保证幂等已禁用美转英；英式源词同时是英转美目标，为保证幂等已禁用英转美
refuse lorries,garbage trucks,noun,复数,true,false,名词!B206:D206,美式源词存在多个英式目标，已禁用美转英
refuse lorry,garbage truck,noun,单数,true,false,名词!A206:C206,美式源词存在多个英式目标，已禁用美转英
regionalised,regionalized,adjective,基本形式,true,true,形容词!A145:B145|形容词!A148:B148,
regularise,regularize,verb,原型,true,true,动词!A196:F196|动词!A199:F199|动词!A207:F207,
regularised,regularized,verb,过去分词|过去时,true,true,动词!C196:H196|动词!C199:H199|动词!C207:H207|动词!D196:I196|动词!D199:I199|动词!D207:I207,
regularises,regularizes,verb,第三人称单数,true,true,动词!B196:G196|动词!B199:G199|动词!B207:G207,
regularising,regularizing,verb,ing,true,true,动词!E196:J196|动词!E199:J199|动词!E207:J207,
reorganisation,reorganization,noun,单数,true,true,名词!A206:C206|名词!A211:C211|名词!A440:C440,
reorganisations,reorganizations,noun,复数,true,true,名词!B206:D206|名词!B211:D211|名词!B440:D440,
reorganise,reorganize,verb,原型,true,true,动词!A193:F193|动词!A196:F196|动词!A204:F204,
reorganised,reorganized,verb,过去分词|过去时,true,true,动词!C193:H193|动词!C196:H196|动词!C204:H204|动词!D193:I193|动词!D196:I196|动词!D204:I204,
reorganises,reorganizes,verb,第三人称单数,true,true,动词!B193:G193|动词!B196:G196|动词!B204:G204,
reorganising,reorganizing,verb,ing,true,true,动词!E193:J193|动词!E196:J196|动词!E204:J204,
return ticket,round-trip ticket,noun,单数,true,true,名词!A207:C207,
return tickets,round-trip tickets,noun,复数,true,true,名词!B207:D207,
reutilisation,reutilization,noun,单数,true,true,名词!A207:C207|名词!A212:C212|名词!A441:C441,
reutilisations,reutilizations,noun,复数,true,true,名词!B207:D207|名词!B212:D212|名词!B441:D441,
reutilise,reutilize,verb,原型,true,true,动词!A198:F198|动词!A201:F201|动词!A209:F209,
reutilised,reutilized,verb,过去分词|过去时,true,true,动词!C198:H198|动词!C201:H201|动词!C209:H209|动词!D198:I198|动词!D201:I201|动词!D209:I209,
reutilises,reutilizes,verb,第三人称单数,true,true,动词!B198:G198|动词!B201:G201|动词!B209:G209,
reutilising,reutilizing,verb,ing,true,true,动词!E198:J198|动词!E201:J201|动词!E209:J209,
reverse charge call,collect call,noun,单数,true,true,名词!A208:C208,
reverse charge calls,collect calls,noun,复数,true,true,名词!B208:D208,
revitalisation,revitalization,noun,单数,true,true,名词!A214:C214,
revitalise,revitalize,verb,原型,true,true,动词!A200:F200|动词!A203:F203|动词!A211:F211,
revitalised,revitalized,verb,过去分词|过去时,true,true,动词!C200:H200|动词!C203:H203|动词!C211:H211|动词!D200:I200|动词!D203:I203|动词!D211:I211,
revitalises,revitalizes,verb,第三人称单数,true,true,动词!B200:G200|动词!B203:G203|动词!B211:G211,
revitalising,revitalizing,verb,ing,true,true,动词!E200:J200|动词!E203:J203|动词!E211:J211,
revolutionise,revolutionize,verb,原型,true,true,动词!A194:F194|动词!A197:F197|动词!A205:F205,
revolutionised,revolutionized,verb,过去分词|过去时,true,true,动词!C194:H194|动词!C197:H197|动词!C205:H205|动词!D194:I194|动词!D197:I197|动词!D205:I205,
revolutionises,revolutionizes,verb,第三人称单数,true,true,动词!B194:G194|动词!B197:G197|动词!B205:G205,
revolutionising,revolutionizing,verb,ing,true,true,动词!E194:J194|动词!E197:J197|动词!E205:J205,
rigour,rigor,noun,单数,true,true,名词!A208:C208|名词!A213:C213|名词!A442:C442,
rigours,rigors,noun,复数,true,true,名词!B208:D208|名词!B213:D213|名词!B442:D442,
ring binder,three-ring binder,noun,单数,true,true,名词!A209:C209,
ring binders,three-ring binders,noun,复数,true,true,名词!B209:D209,
road hump,speed bump,noun,单数,true,true,名词!A210:C210,
road humps,speed bumps,noun,复数,true,true,名词!B210:D210,
roadworks,road construction,noun,单数,false,true,名词!A211:C211,英式源词存在多个美式目标，已禁用英转美
roadworks,road constructions,noun,复数,false,true,名词!B211:D211,英式源词存在多个美式目标，已禁用英转美
romanticise,romanticize,verb,原型,true,true,动词!A195:F195|动词!A198:F198|动词!A206:F206,
romanticised,romanticized,verb,过去分词|过去时,true,true,动词!C195:H195|动词!C198:H198|动词!C206:H206|动词!D195:I195|动词!D198:I198|动词!D206:I206,
romanticises,romanticizes,verb,第三人称单数,true,true,动词!B195:G195|动词!B198:G198|动词!B206:G206,
romanticising,romanticizing,verb,ing,true,true,动词!E195:J195|动词!E198:J198|动词!E206:J206,
roundabout,traffic circle,noun,单数,true,true,名词!A212:C212,
roundabouts,traffic circles,noun,复数,true,true,名词!B212:D212,
rubber,eraser,noun,单数,true,true,名词!A213:C213|名词!A35:C35,
rubbers,erasers,noun,复数,true,true,名词!B213:D213|名词!B35:D35,
rubbish,trash,noun,单数,true,true,名词!A214:C214|名词!A32:C32|名词!A36:C36,
rubbish bin,trash can,noun,单数,true,false,名词!A215:C215|名词!A33:C33|名词!A37:C37,美式源词存在多个英式目标，已禁用美转英
rubbish bins,trash cans,noun,复数,true,false,名词!B215:D215|名词!B33:D33|名词!B37:D37,美式源词存在多个英式目标，已禁用美转英
rubbishes,trashes,noun,复数,true,true,名词!B214:D214|名词!B32:D32|名词!B36:D36,
rumour,rumor,verb,原型,true,true,动词!A285:F285|动词!A289:F289|动词!A297:F297,
rumoured,rumored,verb,过去分词|过去时,true,true,动词!C285:H285|动词!C289:H289|动词!C297:H297|动词!D285:I285|动词!D289:I289|动词!D297:I297,
rumouring,rumoring,verb,ing,true,true,动词!E285:J285|动词!E289:J289|动词!E297:J297,
rumours,rumors,verb,第三人称单数,true,true,动词!B285:G285|动词!B289:G289|动词!B297:G297,
sabre,saber,verb,原型,true,true,动词!A273:F273|动词!A277:F277|动词!A285:F285,
sabred,sabered,verb,过去分词|过去时,true,true,动词!C273:H273|动词!C277:H277|动词!C285:H285|动词!D273:I273|动词!D277:I277|动词!D285:I285,
sabres,sabers,verb,第三人称单数,true,true,动词!B273:G273|动词!B277:G277|动词!B285:G285,
sabring,sabering,verb,ing,true,true,动词!E273:J273|动词!E277:J277|动词!E285:J285,
sanitary towel,sanitary napkin,noun,单数,true,true,名词!A216:C216|名词!A34:C34|名词!A38:C38,
sanitary towels,sanitary napkins,noun,复数,true,true,名词!B216:D216|名词!B34:D34|名词!B38:D38,
satirise,satirize,verb,原型,true,true,动词!A202:F202|动词!A205:F205|动词!A213:F213,
satirised,satirized,verb,过去分词|过去时,true,true,动词!C202:H202|动词!C205:H205|动词!C213:H213|动词!D202:I202|动词!D205:I205|动词!D213:I213,
satirises,satirizes,verb,第三人称单数,true,true,动词!B202:G202|动词!B205:G205|动词!B213:G213,
satirising,satirizing,verb,ing,true,true,动词!E202:J202|动词!E205:J205|动词!E213:J213,
savour,savor,verb,原型,true,true,动词!A283:F283|动词!A287:F287|动词!A295:F295,
savoured,savored,verb,过去分词|过去时,true,true,动词!C283:H283|动词!C287:H287|动词!C295:H295|动词!D283:I283|动词!D287:I287|动词!D295:I295,
savouring,savoring,verb,ing,true,true,动词!E283:J283|动词!E287:J287|动词!E295:J295,
savours,savors,verb,第三人称单数,true,true,动词!B283:G283|动词!B287:G287|动词!B295:G295,
savoury pie,meat pie,noun,单数,true,true,名词!A217:C217,
savoury pies,meat pies,noun,复数,true,true,名词!B217:D217,
scandalise,scandalize,verb,原型,true,true,动词!A203:F203|动词!A206:F206|动词!A214:F214,
scandalised,scandalized,verb,过去分词|过去时,true,true,动词!C203:H203|动词!C206:H206|动词!C214:H214|动词!D203:I203|动词!D206:I206|动词!D214:I214,
scandalises,scandalizes,verb,第三人称单数,true,true,动词!B203:G203|动词!B206:G206|动词!B214:G214,
scandalising,scandalizing,verb,ing,true,true,动词!E203:J203|动词!E206:J206|动词!E214:J214,
sceptic,skeptic,noun,单数,true,true,名词!A209:C209|名词!A216:C216|名词!A443:C443,
sceptical,skeptical,adjective,基本形式,true,true,形容词!A146:B146|形容词!A149:B149,
scepticism,skepticism,noun,单数,true,true,名词!A210:C210|名词!A217:C217|名词!A444:C444,
scepticisms,skepticisms,noun,复数,true,true,名词!B210:D210|名词!B217:D217|名词!B444:D444,
sceptics,skeptics,noun,复数,true,true,名词!B209:D209|名词!B216:D216|名词!B443:D443,
sceptre,scepter,noun,单数,true,true,名词!A211:C211|名词!A218:C218|名词!A445:C445,
sceptres,scepters,noun,复数,true,true,名词!B211:D211|名词!B218:D218|名词!B445:D445,
scrutinise,scrutinize,verb,原型,true,true,动词!A204:F204|动词!A207:F207|动词!A215:F215,
scrutinised,scrutinized,verb,过去分词|过去时,true,true,动词!C204:H204|动词!C207:H207|动词!C215:H215|动词!D204:I204|动词!D207:I207|动词!D215:I215,
scrutinises,scrutinizes,verb,第三人称单数,true,true,动词!B204:G204|动词!B207:G207|动词!B215:G215,
scrutinising,scrutinizing,verb,ing,true,true,动词!E204:J204|动词!E207:J207|动词!E215:J215,
secularised,secularized,adjective,基本形式,true,true,形容词!A147:B147|形容词!A150:B150,
sellotape,clear tape,noun,单数,true,true,名词!A218:C218,
sellotapes,clear tapes,noun,复数,true,true,名词!B218:D218,
semibreve,whole note,noun,单数,true,true,名词!A219:C219,
semibreves,whole notes,noun,复数,true,true,名词!B219:D219,
sensationalise,sensationalize,verb,原型,true,true,动词!A224:F224|动词!A228:F228|动词!A235:F235,
sensationalised,sensationalized,verb,过去分词|过去时,true,true,动词!C224:H224|动词!C228:H228|动词!C235:H235|动词!D224:I224|动词!D228:I228|动词!D235:I235,
sensationalises,sensationalizes,verb,第三人称单数,true,true,动词!B224:G224|动词!B228:G228|动词!B235:G235,
sensationalising,sensationalizing,verb,ing,true,true,动词!E224:J224|动词!E228:J228|动词!E235:J235,
sensitise,sensitize,verb,原型,true,true,动词!A205:F205|动词!A208:F208|动词!A216:F216,
sensitised,sensitized,verb,过去分词|过去时,true,true,动词!C205:H205|动词!C208:H208|动词!C216:H216|动词!D205:I205|动词!D208:I208|动词!D216:I216,
sensitises,sensitizes,verb,第三人称单数,true,true,动词!B205:G205|动词!B208:G208|动词!B216:G216,
sensitising,sensitizing,verb,ing,true,true,动词!E205:J205|动词!E208:J208|动词!E216:J216,
sexualise,sexualize,verb,原型,true,true,动词!A223:F223|动词!A227:F227|动词!A234:F234,
sexualised,sexualized,verb,过去分词|过去时,true,true,动词!C223:H223|动词!C227:H227|动词!C234:H234|动词!D223:I223|动词!D227:I227|动词!D234:I234,
sexualises,sexualizes,verb,第三人称单数,true,true,动词!B223:G223|动词!B227:G227|动词!B234:G234,
sexualising,sexualizing,verb,ing,true,true,动词!E223:J223|动词!E227:J227|动词!E234:J234,
shop assistant,sales clerk,noun,单数,true,true,名词!A221:C221,
shop assistants,sales clerks,noun,复数,true,true,名词!B221:D221,
shopping trolley,shopping cart,noun,单数,true,true,名词!A222:C222,
shopping trolleys,shopping carts,noun,复数,true,true,名词!B222:D222,
sick note,doctor's note,noun,单数,true,true,名词!A223:C223,
sick notes,doctor's notes,noun,复数,true,true,名词!B223:D223,
signalise,signalize,verb,原型,true,true,动词!A206:F206|动词!A209:F209|动词!A217:F217,
signalised,signalized,verb,过去分词|过去时,true,true,动词!C206:H206|动词!C209:H209|动词!C217:H217|动词!D206:I206|动词!D209:I209|动词!D217:I217,
signalises,signalizes,verb,第三人称单数,true,true,动词!B206:G206|动词!B209:G209|动词!B217:G217,
signalising,signalizing,verb,ing,true,true,动词!E206:J206|动词!E209:J209|动词!E217:J217,
signalled,signaled,verb,过去分词|过去时,true,true,动词!C262:H262|动词!C266:H266|动词!C274:H274|动词!D262:I262|动词!D266:I266|动词!D274:I274,
signalling,signaling,verb,ing,true,true,动词!E262:J262|动词!E266:J266|动词!E274:J274,
single ticket,one-way ticket,noun,单数,true,true,名词!A224:C224,
single tickets,one-way tickets,noun,复数,true,true,名词!B224:D224,
skipping rope,jump rope,noun,单数,true,true,名词!A225:C225,
skipping ropes,jump ropes,noun,复数,true,true,名词!B225:D225,
sledge,sled,noun,单数,true,true,名词!A226:C226,
sledges,sleds,noun,复数,true,true,名词!B226:D226,
sloganise,sloganize,verb,原型,true,true,动词!A207:F207|动词!A210:F210|动词!A218:F218,
sloganised,sloganized,verb,过去分词|过去时,true,true,动词!C207:H207|动词!C210:H210|动词!C218:H218|动词!D207:I207|动词!D210:I210|动词!D218:I218,
sloganises,sloganizes,verb,第三人称单数,true,true,动词!B207:G207|动词!B210:G210|动词!B218:G218,
sloganising,sloganizing,verb,ing,true,true,动词!E207:J207|动词!E210:J210|动词!E218:J218,
socialisation,socialization,noun,单数,true,true,名词!A225:C225,
socialise,socialize,verb,原型,true,true,动词!A208:F208|动词!A211:F211|动词!A219:F219,
socialised,socialized,verb,过去分词|过去时,true,true,动词!C208:H208|动词!C211:H211|动词!C219:H219|动词!D208:I208|动词!D211:I211|动词!D219:I219,
socialises,socializes,verb,第三人称单数,true,true,动词!B208:G208|动词!B211:G211|动词!B219:G219,
socialising,socializing,verb,ing,true,true,动词!E208:J208|动词!E211:J211|动词!E219:J219,
solemnise,solemnize,verb,原型,true,true,动词!A209:F209|动词!A212:F212|动词!A220:F220,
solemnised,solemnized,verb,过去分词|过去时,true,true,动词!C209:H209|动词!C212:H212|动词!C220:H220|动词!D209:I209|动词!D212:I212|动词!D220:I220,
solemnises,solemnizes,verb,第三人称单数,true,true,动词!B209:G209|动词!B212:G212|动词!B220:G220,
solemnising,solemnizing,verb,ing,true,true,动词!E209:J209|动词!E212:J212|动词!E220:J220,
soliloquise,soliloquize,verb,原型,true,true,动词!A210:F210|动词!A213:F213|动词!A221:F221,
soliloquised,soliloquized,verb,过去分词|过去时,true,true,动词!C210:H210|动词!C213:H213|动词!C221:H221|动词!D210:I210|动词!D213:I213|动词!D221:I221,
soliloquises,soliloquizes,verb,第三人称单数,true,true,动词!B210:G210|动词!B213:G213|动词!B221:G221,
soliloquising,soliloquizing,verb,ing,true,true,动词!E210:J210|动词!E213:J213|动词!E221:J221,
soya bean,soybean,noun,单数,true,true,名词!A227:C227|名词!A35:C35|名词!A39:C39,
soya beans,soybeans,noun,复数,true,true,名词!B227:D227|名词!B35:D35|名词!B39:D39,
soya milk,soy milk,noun,单数,true,true,名词!A228:C228|名词!A36:C36|名词!A40:C40,
soya milks,soy milks,noun,复数,true,true,名词!B228:D228|名词!B36:D36|名词!B40:D40,
spanner,wrench,noun,单数,true,true,名词!A229:C229|名词!A37:C37|名词!A41:C41,
spanners,wrenches,noun,复数,true,true,名词!B229:D229|名词!B37:D37|名词!B41:D41,
spatialise,spatialize,verb,原型,true,true,动词!A225:F225|动词!A229:F229|动词!A236:F236,
spatialised,spatialized,verb,过去分词|过去时,true,true,动词!C225:H225|动词!C229:H229|动词!C236:H236|动词!D225:I225|动词!D229:I229|动词!D236:I236,
spatialises,spatializes,verb,第三人称单数,true,true,动词!B225:G225|动词!B229:G229|动词!B236:G236,
spatialising,spatializing,verb,ing,true,true,动词!E225:J225|动词!E229:J229|动词!E236:J236,
specialise,specialize,verb,原型,true,true,动词!A211:F211|动词!A214:F214|动词!A222:F222,
specialised,specialized,verb,过去分词|过去时,true,true,动词!C211:H211|动词!C214:H214|动词!C222:H222|动词!D211:I211|动词!D214:I214|动词!D222:I222,
specialises,specializes,verb,第三人称单数,true,true,动词!B211:G211|动词!B214:G214|动词!B222:G222,
specialising,specializing,verb,ing,true,true,动词!E211:J211|动词!E214:J214|动词!E222:J222,
spectacles,glasses,noun,单数|复数,true,true,名词!A231:C231|名词!B231:D231,
splashback,backsplash,noun,单数,true,true,名词!A232:C232,
splashbacks,backsplashes,noun,复数,true,true,名词!B232:D232,
spring onion,scallion,noun,单数,true,true,名词!A233:C233,
spring onions,scallions,noun,复数,true,true,名词!B233:D233,
squash,juice drink,noun,单数,true,true,名词!A234:C234,
squashes,juice drinks,noun,复数,true,true,名词!B234:D234,
stabilisation,stabilization,noun,单数,true,true,名词!A223:C223,
stabilise,stabilize,verb,原型,true,true,动词!A212:F212|动词!A215:F215|动词!A223:F223,
stabilised,stabilized,verb,过去分词|过去时,true,true,动词!C212:H212|动词!C215:H215|动词!C223:H223|动词!D212:I212|动词!D215:I215|动词!D223:I223,
stabilises,stabilizes,verb,第三人称单数,true,true,动词!B212:G212|动词!B215:G215|动词!B223:G223,
stabilising,stabilizing,verb,ing,true,true,动词!E212:J212|动词!E215:J215|动词!E223:J223,
staff room,faculty lounge,noun,单数,true,true,名词!A235:C235,
staff rooms,faculty lounges,noun,复数,true,true,名词!B235:D235,
standardisation,standardization,noun,单数,true,true,名词!A222:C222,
standardise,standardize,verb,原型,true,true,动词!A216:F216|动词!A222:F222|动词!A226:F226|动词!A233:F233,
standardised,standardized,verb,过去分词|过去时,true,true,动词!C216:H216|动词!C222:H222|动词!C226:H226|动词!C233:H233|动词!D216:I216|动词!D222:I222|动词!D226:I226|动词!D233:I233,
standardises,standardizes,verb,第三人称单数,true,true,动词!B216:G216|动词!B222:G222|动词!B226:G226|动词!B233:G233,
standardising,standardizing,verb,ing,true,true,动词!E216:J216|动词!E222:J222|动词!E226:J226|动词!E233:J233,
starter,appetizer,noun,单数,true,false,名词!A236:C236,美式源词存在多个英式目标，已禁用美转英
starters,appetizers,noun,复数,true,false,名词!B236:D236,美式源词存在多个英式目标，已禁用美转英
sterilise,sterilize,verb,原型,true,true,动词!A213:F213|动词!A217:F217|动词!A224:F224,
sterilised,sterilized,verb,过去分词|过去时,true,true,动词!C213:H213|动词!C217:H217|动词!C224:H224|动词!D213:I213|动词!D217:I217|动词!D224:I224,
sterilises,sterilizes,verb,第三人称单数,true,true,动词!B213:G213|动词!B217:G217|动词!B224:G224,
sterilising,sterilizing,verb,ing,true,true,动词!E213:J213|动词!E217:J217|动词!E224:J224,
sticking plaster,adhesive bandage,noun,单数,true,true,名词!A237:C237,
sticking plasters,adhesive bandages,noun,复数,true,true,名词!B237:D237,
storm in a teacup,tempest in a teapot,noun,单数,true,true,名词!A238:C238,
storms in a teacup,tempests in a teapot,noun,复数,true,true,名词!B238:D238,
stove cooker,range,noun,单数,true,true,名词!A239:C239,
stove cookers,ranges,noun,复数,true,true,名词!B239:D239,
subsidisation,subsidization,noun,单数,true,true,名词!A224:C224,
subsidise,subsidize,verb,原型,true,true,动词!A214:F214|动词!A218:F218|动词!A225:F225,
subsidised,subsidized,verb,过去分词|过去时,true,true,动词!C214:H214|动词!C218:H218|动词!C225:H225|动词!D214:I214|动词!D218:I218|动词!D225:I225,
subsidises,subsidizes,verb,第三人称单数,true,true,动词!B214:G214|动词!B218:G218|动词!B225:G225,
subsidising,subsidizing,verb,ing,true,true,动词!E214:J214|动词!E218:J218|动词!E225:J225,
sulphate,sulfate,noun,单数,true,true,名词!A213:C213|名词!A220:C220|名词!A447:C447,
sulphates,sulfates,noun,复数,true,true,名词!B213:D213|名词!B220:D220|名词!B447:D447,
sulphide,sulfide,noun,单数,true,true,名词!A214:C214|名词!A221:C221|名词!A448:C448,
sulphides,sulfides,noun,复数,true,true,名词!B214:D214|名词!B221:D221|名词!B448:D448,
sulphur,sulfur,noun,单数,true,true,名词!A212:C212|名词!A219:C219|名词!A446:C446,
sulphurous,sulfurous,adjective,基本形式,true,true,形容词!A148:B148|形容词!A151:B151,
sulphurs,sulfurs,noun,复数,true,true,名词!B212:D212|名词!B219:D219|名词!B446:D446,
summarise,summarize,verb,原型,true,true,动词!A219:F219|动词!A223:F223|动词!A230:F230,
summarised,summarized,verb,过去分词|过去时,true,true,动词!C219:H219|动词!C223:H223|动词!C230:H230|动词!D219:I219|动词!D223:I223|动词!D230:I230,
summarises,summarizes,verb,第三人称单数,true,true,动词!B219:G219|动词!B223:G223|动词!B230:G230,
summarising,summarizing,verb,ing,true,true,动词!E219:J219|动词!E223:J223|动词!E230:J230,
swede,rutabaga,noun,单数,true,true,名词!A240:C240,
swedes,rutabagas,noun,复数,true,true,名词!B240:D240,
sweet,candy,noun,单数,true,true,名词!A241:C241,
sweets,candies,noun,复数,true,true,名词!B241:D241,
swimming costume,bathing suit,noun,单数,true,true,名词!A242:C242,
swimming costumes,bathing suits,noun,复数,true,true,名词!B242:D242,
symbolise,symbolize,verb,原型,true,true,动词!A218:F218|动词!A222:F222|动词!A229:F229,
symbolised,symbolized,verb,过去分词|过去时,true,true,动词!C218:H218|动词!C222:H222|动词!C229:H229|动词!D218:I218|动词!D222:I222|动词!D229:I229,
symbolises,symbolizes,verb,第三人称单数,true,true,动词!B218:G218|动词!B222:G222|动词!B229:G229,
symbolising,symbolizing,verb,ing,true,true,动词!E218:J218|动词!E222:J222|动词!E229:J229,
sympathise,sympathize,verb,原型,true,true,动词!A217:F217|动词!A221:F221|动词!A228:F228,
sympathised,sympathized,verb,过去分词|过去时,true,true,动词!C217:H217|动词!C221:H221|动词!C228:H228|动词!D217:I217|动词!D221:I221|动词!D228:I228,
sympathises,sympathizes,verb,第三人称单数,true,true,动词!B217:G217|动词!B221:G221|动词!B228:G228,
sympathising,sympathizing,verb,ing,true,true,动词!E217:J217|动词!E221:J221|动词!E228:J228,
synthesise,synthesize,verb,原型,true,true,动词!A215:F215|动词!A219:F219|动词!A226:F226,
synthesised,synthesized,verb,过去分词|过去时,true,true,动词!C215:H215|动词!C219:H219|动词!C226:H226|动词!D215:I215|动词!D219:I219|动词!D226:I226,
synthesises,synthesizes,verb,第三人称单数,true,true,动词!B215:G215|动词!B219:G219|动词!B226:G226,
synthesising,synthesizing,verb,ing,true,true,动词!E215:J215|动词!E219:J219|动词!E226:J226,
systematised,systematized,adjective,基本形式,true,true,形容词!A149:B149|形容词!A152:B152,
systemise,systemize,verb,原型,true,true,动词!A216:F216|动词!A220:F220|动词!A227:F227,
systemised,systemized,verb,过去分词|过去时,true,true,动词!C216:H216|动词!C220:H220|动词!C227:H227|动词!D216:I216|动词!D220:I220|动词!D227:I227,
systemises,systemizes,verb,第三人称单数,true,true,动词!B216:G216|动词!B220:G220|动词!B227:G227,
systemising,systemizing,verb,ing,true,true,动词!E216:J216|动词!E220:J220|动词!E227:J227,
takeaway,takeout,noun,单数,true,true,名词!A243:C243,
takeaways,takeouts,noun,复数,true,true,名词!B243:D243,
tantalise,tantalize,verb,原型,true,true,动词!A226:F226|动词!A230:F230|动词!A237:F237,
tantalised,tantalized,verb,过去分词|过去时,true,true,动词!C226:H226|动词!C230:H230|动词!C237:H237|动词!D226:I226|动词!D230:I230|动词!D237:I237,
tantalises,tantalizes,verb,第三人称单数,true,true,动词!B226:G226|动词!B230:G230|动词!B237:G237,
tantalising,tantalizing,verb,ing,true,true,动词!E226:J226|动词!E230:J230|动词!E237:J237,
tap,faucet,noun,单数,true,true,名词!A244:C244,
taps,faucets,noun,复数,true,true,名词!B244:D244,
taxi rank,taxi stand,noun,单数,true,false,名词!A245:C245,美式源词存在多个英式目标，已禁用美转英
taxi ranks,taxi stands,noun,复数,true,false,名词!B245:D245,美式源词存在多个英式目标，已禁用美转英
tea towel,dish towel,noun,单数,true,true,名词!A246:C246,
tea towels,dish towels,noun,复数,true,true,名词!B246:D246,
temporise,temporize,verb,原型,true,true,动词!A227:F227|动词!A231:F231|动词!A238:F238,
temporised,temporized,verb,过去分词|过去时,true,true,动词!C227:H227|动词!C231:H231|动词!C238:H238|动词!D227:I227|动词!D231:I231|动词!D238:I238,
temporises,temporizes,verb,第三人称单数,true,true,动词!B227:G227|动词!B231:G231|动词!B238:G238,
temporising,temporizing,verb,ing,true,true,动词!E227:J227|动词!E231:J231|动词!E238:J238,
tenderise,tenderize,verb,原型,true,true,动词!A228:F228|动词!A232:F232|动词!A239:F239,
tenderised,tenderized,verb,过去分词|过去时,true,true,动词!C228:H228|动词!C232:H232|动词!C239:H239|动词!D228:I228|动词!D232:I232|动词!D239:I239,
tenderises,tenderizes,verb,第三人称单数,true,true,动词!B228:G228|动词!B232:G232|动词!B239:G239,
tenderising,tenderizing,verb,ing,true,true,动词!E228:J228|动词!E232:J232|动词!E239:J239,
term,semester,noun,单数,true,true,名词!A247:C247,
terms,semesters,noun,复数,true,true,名词!B247:D247,
terrorise,terrorize,verb,原型,true,true,动词!A229:F229|动词!A233:F233|动词!A240:F240,
terrorised,terrorized,verb,过去分词|过去时,true,true,动词!C229:H229|动词!C233:H233|动词!C240:H240|动词!D229:I229|动词!D233:I233|动词!D240:I240,
terrorises,terrorizes,verb,第三人称单数,true,true,动词!B229:G229|动词!B233:G233|动词!B240:G240,
terrorising,terrorizing,verb,ing,true,true,动词!E229:J229|动词!E233:J233|动词!E240:J240,
theatre,theater,noun,单数,true,true,名词!A215:C215|名词!A226:C226|名词!A449:C449,
theatre-based,theater-based,adjective,基本形式,true,true,形容词!A150:B150|形容词!A153:B153,
theatres,theaters,noun,复数,true,true,名词!B215:D215|名词!B226:D226|名词!B449:D449,
theatricalised,theatricalized,adjective,基本形式,true,true,形容词!A151:B151|形容词!A154:B154,
theorisation,theorization,noun,单数,true,true,名词!A216:C216|名词!A227:C227|名词!A450:C450,
theorisations,theorizations,noun,复数,true,true,名词!B216:D216|名词!B227:D227|名词!B450:D450,
theorise,theorize,verb,原型,true,true,动词!A230:F230|动词!A234:F234|动词!A241:F241,
theorised,theorized,verb,过去分词|过去时,true,true,动词!C230:H230|动词!C234:H234|动词!C241:H241|动词!D230:I230|动词!D234:I234|动词!D241:I241,
theorises,theorizes,verb,第三人称单数,true,true,动词!B230:G230|动词!B234:G234|动词!B241:G241,
theorising,theorizing,verb,ing,true,true,动词!E230:J230|动词!E234:J234|动词!E241:J241,
tick,checkmark,noun,单数,true,true,名词!A248:C248,
ticks,checkmarks,noun,复数,true,true,名词!B248:D248,
timetable,schedule,noun,单数,true,true,名词!A249:C249,
timetables,schedules,noun,复数,true,true,名词!B249:D249,
tin,can,noun,单数,true,true,名词!A250:C250,
tinned food,canned food,noun,单数,true,true,名词!A251:C251,
tinned foods,canned foods,noun,复数,true,true,名词!B251:D251,
tins,cans,noun,复数,true,true,名词!B250:D250,
toffee apple,caramel apple,noun,单数,true,true,名词!A252:C252,
toffee apples,caramel apples,noun,复数,true,true,名词!B252:D252,
torch,flashlight,noun,单数,true,true,名词!A253:C253,
torches,flashlights,noun,复数,true,true,名词!B253:D253,
totalised,totalized,adjective,基本形式,true,true,形容词!A152:B152|形容词!A155:B155,
totalled,totaled,verb,过去分词|过去时,true,true,动词!C242:H242|动词!D242:I242,
totalling,totaling,verb,ing,true,true,动词!E242:J242,
track suit,sweatsuit,noun,单数,true,true,名词!A254:C254,
track suits,sweatsuits,noun,复数,true,true,名词!B254:D254,
trainers,sneakers,noun,单数|复数,true,true,名词!A255:C255|名词!B255:D255,
tram,streetcar,noun,单数,true,true,名词!A256:C256,
trams,streetcars,noun,复数,true,true,名词!B256:D256,
tranquillise,tranquilize,verb,原型,true,true,动词!A231:F231|动词!A235:F235|动词!A243:F243,
tranquillised,tranquilized,verb,过去分词|过去时,true,true,动词!C231:H231|动词!C235:H235|动词!C243:H243|动词!D231:I231|动词!D235:I235|动词!D243:I243,
tranquillises,tranquilizes,verb,第三人称单数,true,true,动词!B231:G231|动词!B235:G235|动词!B243:G243,
tranquillising,tranquilizing,verb,ing,true,true,动词!E231:J231|动词!E235:J235|动词!E243:J243,
transport café,truck stop,noun,单数,true,true,名词!A257:C257,
transport cafés,truck stops,noun,复数,true,true,名词!B257:D257,
travelled,traveled,verb,过去分词|过去时,true,true,动词!C264:H264|动词!C268:H268|动词!C276:H276|动词!D264:I264|动词!D268:I268|动词!D276:I276,
traveller,traveler,noun,单数,true,true,名词!A217:C217|名词!A228:C228|名词!A451:C451,
travellers,travelers,noun,复数,true,true,名词!B217:D217|名词!B228:D228|名词!B451:D451,
travelling,traveling,verb,ing,true,true,动词!E264:J264|动词!E268:J268|动词!E276:J276,
trivialise,trivialize,verb,原型,true,true,动词!A232:F232|动词!A236:F236|动词!A244:F244,
trivialised,trivialized,verb,过去分词|过去时,true,true,动词!C232:H232|动词!C236:H236|动词!C244:H244|动词!D232:I232|动词!D236:I236|动词!D244:I244,
trivialises,trivializes,verb,第三人称单数,true,true,动词!B232:G232|动词!B236:G236|动词!B244:G244,
trivialising,trivializing,verb,ing,true,true,动词!E232:J232|动词!E236:J236|动词!E244:J244,
trolley,cart,noun,单数,true,true,名词!A259:C259,
trolleybus,trackless trolley,noun,单数,true,true,名词!A260:C260,
trolleybuses,trackless trolleys,noun,复数,true,true,名词!B260:D260,
trolleys,carts,noun,复数,true,true,名词!B259:D259,
tropicalise,tropicalize,verb,原型,true,true,动词!A233:F233|动词!A237:F237|动词!A245:F245,
tropicalised,tropicalized,verb,过去分词|过去时,true,true,动词!C233:H233|动词!C237:H237|动词!C245:H245|动词!D233:I233|动词!D237:I237|动词!D245:I245,
tropicalises,tropicalizes,verb,第三人称单数,true,true,动词!B233:G233|动词!B237:G237|动词!B245:G245,
tropicalising,tropicalizing,verb,ing,true,true,动词!E233:J233|动词!E237:J237|动词!E245:J245,
trousers,pants,noun,单数|复数,true,true,名词!A258:C258|名词!A38:C38|名词!A42:C42|名词!B258:D258|名词!B38:D38|名词!B42:D42,
tuck shop,snack bar,noun,单数,true,true,名词!A261:C261,
tuck shops,snack bars,noun,复数,true,true,名词!B261:D261,
tumble drier,clothes dryer,noun,单数,true,true,名词!A262:C262,
tumble driers,clothes dryers,noun,复数,true,true,名词!B262:D262,
tunnelled,tunneled,verb,过去分词|过去时,true,true,动词!C263:H263|动词!C267:H267|动词!C275:H275|动词!D263:I263|动词!D267:I267|动词!D275:I275,
tunnelling,tunneling,verb,ing,true,true,动词!E263:J263|动词!E267:J267|动词!E275:J275,
turning,turn,noun,单数,true,true,名词!A263:C263,
turnings,turns,noun,复数,true,true,名词!B263:D263,
tyre,tire,noun,单数,true,true,名词!A218:C218|名词!A229:C229|名词!A452:C452,
tyres,tires,noun,复数,true,true,名词!B218:D218|名词!B229:D229|名词!B452:D452,
unauthorised,unauthorized,adjective,基本形式,true,true,形容词!A153:B153|形容词!A156:B156,
uncategorised,uncategorized,adjective,基本形式,true,true,形容词!A154:B154|形容词!A157:B157,
uncentralised,uncentralized,adjective,基本形式,true,true,形容词!A155:B155|形容词!A158:B158,
underground,subway,noun,单数,true,true,名词!A264:C264,
undergrounds,subways,noun,复数,true,true,名词!B264:D264,
underutilised,underutilized,adjective,基本形式,true,true,形容词!A156:B156|形容词!A159:B159,
unfavourable,unfavorable,adjective,基本形式,true,true,形容词!A157:B157|形容词!A160:B160,
uninitialised,uninitialized,adjective,基本形式,true,true,形容词!A158:B158|形容词!A161:B161,
unionise,unionize,verb,原型,true,true,动词!A237:F237|动词!A241:F241|动词!A249:F249,
unionised,unionized,verb,过去分词|过去时,true,true,动词!C237:H237|动词!C241:H241|动词!C249:H249|动词!D237:I237|动词!D241:I241|动词!D249:I249,
unionises,unionizes,verb,第三人称单数,true,true,动词!B237:G237|动词!B241:G241|动词!B249:G249,
unionising,unionizing,verb,ing,true,true,动词!E237:J237|动词!E241:J241|动词!E249:J249,
unitise,unitize,verb,原型,true,true,动词!A236:F236|动词!A240:F240|动词!A248:F248,
unitised,unitized,verb,过去分词|过去时,true,true,动词!C236:H236|动词!C240:H240|动词!C248:H248|动词!D236:I236|动词!D240:I240|动词!D248:I248,
unitises,unitizes,verb,第三人称单数,true,true,动词!B236:G236|动词!B240:G240|动词!B248:G248,
unitising,unitizing,verb,ing,true,true,动词!E236:J236|动词!E240:J240|动词!E248:J248,
unmodernised,unmodernized,adjective,基本形式,true,true,形容词!A159:B159|形容词!A162:B162,
unorganised,unorganized,adjective,基本形式,true,true,形容词!A160:B160|形容词!A163:B163,
unpolarised,unpolarized,adjective,基本形式,true,true,形容词!A161:B161|形容词!A164:B164,
unrealised,unrealized,adjective,基本形式,true,true,形容词!A163:B163|形容词!A166:B166,
unrecognised,unrecognized,adjective,基本形式,true,true,形容词!A162:B162|形容词!A165:B165,
unstandardised,unstandardized,adjective,基本形式,true,true,形容词!A164:B164|形容词!A167:B167,
urbanisation,urbanization,noun,单数,true,true,名词!A231:C231,
urbanise,urbanize,verb,原型,true,true,动词!A235:F235|动词!A239:F239|动词!A247:F247,
urbanised,urbanized,verb,过去分词|过去时,true,true,动词!C235:H235|动词!C239:H239|动词!C247:H247|动词!D235:I235|动词!D239:I239|动词!D247:I247,
urbanises,urbanizes,verb,第三人称单数,true,true,动词!B235:G235|动词!B239:G239|动词!B247:G247,
urbanising,urbanizing,verb,ing,true,true,动词!E235:J235|动词!E239:J239|动词!E247:J247,
utilisation,utilization,noun,单数,true,true,名词!A219:C219|名词!A230:C230|名词!A453:C453,
utilisations,utilizations,noun,复数,true,true,名词!B219:D219|名词!B230:D230|名词!B453:D453,
utilise,utilize,verb,原型,true,true,动词!A234:F234|动词!A238:F238|动词!A246:F246,
utilised,utilized,verb,过去分词|过去时,true,true,动词!C234:H234|动词!C238:H238|动词!C246:H246|动词!D234:I234|动词!D238:I238|动词!D246:I246,
utilises,utilizes,verb,第三人称单数,true,true,动词!B234:G234|动词!B238:G238|动词!B246:G246,
utilising,utilizing,verb,ing,true,true,动词!E234:J234|动词!E238:J238|动词!E246:J246,
valorise,valorize,verb,原型,true,true,动词!A249:F249|动词!A253:F253|动词!A261:F261,
valorised,valorized,verb,过去分词|过去时,true,true,动词!C249:H249|动词!C253:H253|动词!C261:H261|动词!D249:I249|动词!D253:I253|动词!D261:I261,
valorises,valorizes,verb,第三人称单数,true,true,动词!B249:G249|动词!B253:G253|动词!B261:G261,
valorising,valorizing,verb,ing,true,true,动词!E249:J249|动词!E253:J253|动词!E261:J261,
vandalise,vandalize,verb,原型,true,true,动词!A238:F238|动词!A242:F242|动词!A250:F250,
vandalised,vandalized,verb,过去分词|过去时,true,true,动词!C238:H238|动词!C242:H242|动词!C250:H250|动词!D238:I238|动词!D242:I242|动词!D250:I250,
vandalises,vandalizes,verb,第三人称单数,true,true,动词!B238:G238|动词!B242:G242|动词!B250:G250,
vandalising,vandalizing,verb,ing,true,true,动词!E238:J238|动词!E242:J242|动词!E250:J250,
vapour,vapor,noun,单数,true,true,名词!A220:C220|名词!A232:C232|名词!A454:C454,
vapourise,vaporize,verb,原型,true,true,动词!A239:F239|动词!A243:F243|动词!A251:F251,
vapourised,vaporized,verb,过去分词|过去时,true,true,动词!C239:H239|动词!C243:H243|动词!C251:H251|动词!D239:I239|动词!D243:I243|动词!D251:I251,
vapourises,vaporizes,verb,第三人称单数,true,true,动词!B239:G239|动词!B243:G243|动词!B251:G251,
vapourising,vaporizing,verb,ing,true,true,动词!E239:J239|动词!E243:J243|动词!E251:J251,
vapours,vapors,noun,复数,true,true,名词!B220:D220|名词!B232:D232|名词!B454:D454,
vascularise,vascularize,verb,原型,true,true,动词!A240:F240|动词!A244:F244|动词!A252:F252,
vascularised,vascularized,verb,过去分词|过去时,true,true,动词!C240:H240|动词!C244:H244|动词!C252:H252|动词!D240:I240|动词!D244:I244|动词!D252:I252,
vascularises,vascularizes,verb,第三人称单数,true,true,动词!B240:G240|动词!B244:G244|动词!B252:G252,
vascularising,vascularizing,verb,ing,true,true,动词!E240:J240|动词!E244:J244|动词!E252:J252,
vectorise,vectorize,verb,原型,true,true,动词!A241:F241|动词!A245:F245|动词!A253:F253,
vectorised,vectorized,verb,过去分词|过去时,true,true,动词!C241:H241|动词!C245:H245|动词!C253:H253|动词!D241:I241|动词!D245:I245|动词!D253:I253,
vectorises,vectorizes,verb,第三人称单数,true,true,动词!B241:G241|动词!B245:G245|动词!B253:G253,
vectorising,vectorizing,verb,ing,true,true,动词!E241:J241|动词!E245:J245|动词!E253:J253,
verbalise,verbalize,verb,原型,true,true,动词!A242:F242|动词!A246:F246|动词!A254:F254,
verbalised,verbalized,verb,过去分词|过去时,true,true,动词!C242:H242|动词!C246:H246|动词!C254:H254|动词!D242:I242|动词!D246:I246|动词!D254:I254,
verbalises,verbalizes,verb,第三人称单数,true,true,动词!B242:G242|动词!B246:G246|动词!B254:G254,
verbalising,verbalizing,verb,ing,true,true,动词!E242:J242|动词!E246:J246|动词!E254:J254,
vest,undershirt,noun,单数,false,true,名词!A266:C266,英式源词同时是英转美目标，为保证幂等已禁用英转美
vests,undershirts,noun,复数,false,true,名词!B266:D266,英式源词同时是英转美目标，为保证幂等已禁用英转美
victimise,victimize,verb,原型,true,true,动词!A243:F243|动词!A247:F247|动词!A255:F255,
victimised,victimized,verb,过去分词|过去时,true,true,动词!C243:H243|动词!C247:H247|动词!C255:H255|动词!D243:I243|动词!D247:I247|动词!D255:I255,
victimises,victimizes,verb,第三人称单数,true,true,动词!B243:G243|动词!B247:G247|动词!B255:G255,
victimising,victimizing,verb,ing,true,true,动词!E243:J243|动词!E247:J247|动词!E255:J255,
virtualise,virtualize,verb,原型,true,true,动词!A250:F250|动词!A254:F254|动词!A262:F262,
virtualised,virtualized,verb,过去分词|过去时,true,true,动词!C250:H250|动词!C254:H254|动词!C262:H262|动词!D250:I250|动词!D254:I254|动词!D262:I262,
virtualises,virtualizes,verb,第三人称单数,true,true,动词!B250:G250|动词!B254:G254|动词!B262:G262,
virtualising,virtualizing,verb,ing,true,true,动词!E250:J250|动词!E254:J254|动词!E262:J262,
visualise,visualize,verb,原型,true,true,动词!A244:F244|动词!A248:F248|动词!A256:F256,
visualised,visualized,verb,过去分词|过去时,true,true,动词!C244:H244|动词!C248:H248|动词!C256:H256|动词!D244:I244|动词!D248:I248|动词!D256:I256,
visualises,visualizes,verb,第三人称单数,true,true,动词!B244:G244|动词!B248:G248|动词!B256:G256,
visualising,visualizing,verb,ing,true,true,动词!E244:J244|动词!E248:J248|动词!E256:J256,
vitalise,vitalize,verb,原型,true,true,动词!A245:F245|动词!A249:F249|动词!A257:F257,
vitalised,vitalized,verb,过去分词|过去时,true,true,动词!C245:H245|动词!C249:H249|动词!C257:H257|动词!D245:I245|动词!D249:I249|动词!D257:I257,
vitalises,vitalizes,verb,第三人称单数,true,true,动词!B245:G245|动词!B249:G249|动词!B257:G257,
vitalising,vitalizing,verb,ing,true,true,动词!E245:J245|动词!E249:J249|动词!E257:J257,
vocalisation,vocalization,noun,单数,true,true,名词!A221:C221|名词!A233:C233|名词!A455:C455,
vocalisations,vocalizations,noun,复数,true,true,名词!B221:D221|名词!B233:D233|名词!B455:D455,
vocalise,vocalize,verb,原型,true,true,动词!A246:F246|动词!A250:F250|动词!A258:F258,
vocalised,vocalized,verb,过去分词|过去时,true,true,动词!C246:H246|动词!C250:H250|动词!C258:H258|动词!D246:I246|动词!D250:I250|动词!D258:I258,
vocalises,vocalizes,verb,第三人称单数,true,true,动词!B246:G246|动词!B250:G250|动词!B258:G258,
vocalising,vocalizing,verb,ing,true,true,动词!E246:J246|动词!E250:J250|动词!E258:J258,
volatilise,volatilize,verb,原型,true,true,动词!A247:F247|动词!A251:F251|动词!A259:F259,
volatilised,volatilized,verb,过去分词|过去时,true,true,动词!C247:H247|动词!C251:H251|动词!C259:H259|动词!D247:I247|动词!D251:I251|动词!D259:I259,
volatilises,volatilizes,verb,第三人称单数,true,true,动词!B247:G247|动词!B251:G251|动词!B259:G259,
volatilising,volatilizing,verb,ing,true,true,动词!E247:J247|动词!E251:J251|动词!E259:J259,
vulgarise,vulgarize,verb,原型,true,true,动词!A248:F248|动词!A252:F252|动词!A260:F260,
vulgarised,vulgarized,verb,过去分词|过去时,true,true,动词!C248:H248|动词!C252:H252|动词!C260:H260|动词!D248:I248|动词!D252:I252|动词!D260:I260,
vulgarises,vulgarizes,verb,第三人称单数,true,true,动词!B248:G248|动词!B252:G252|动词!B260:G260,
vulgarising,vulgarizing,verb,ing,true,true,动词!E248:J248|动词!E252:J252|动词!E260:J260,
waistcoat,vest,noun,单数,true,false,名词!A267:C267,美式源词同时是美转英目标，为保证幂等已禁用美转英
waistcoats,vests,noun,复数,true,false,名词!B267:D267,美式源词同时是美转英目标，为保证幂等已禁用美转英
wardrobe,closet,noun,单数,true,true,名词!A268:C268,
wardrobes,closets,noun,复数,true,true,名词!B268:D268,
washing-up liquid,dish soap,noun,单数,true,true,名词!A269:C269,
washing-up liquids,dish soaps,noun,复数,true,true,名词!B269:D269,
weaponise,weaponize,verb,原型,true,true,动词!A252:F252|动词!A256:F256|动词!A264:F264,
weaponised,weaponized,verb,过去分词|过去时,true,true,动词!C252:H252|动词!C256:H256|动词!C264:H264|动词!D252:I252|动词!D256:I256|动词!D264:I264,
weaponises,weaponizes,verb,第三人称单数,true,true,动词!B252:G252|动词!B256:G256|动词!B264:G264,
weaponising,weaponizing,verb,ing,true,true,动词!E252:J252|动词!E256:J256|动词!E264:J264,
westernise,westernize,verb,原型,true,true,动词!A251:F251|动词!A255:F255|动词!A263:F263,
westernised,westernized,verb,过去分词|过去时,true,true,动词!C251:H251|动词!C255:H255|动词!C263:H263|动词!D251:I251|动词!D255:I255|动词!D263:I263,
westernises,westernizes,verb,第三人称单数,true,true,动词!B251:G251|动词!B255:G255|动词!B263:G263,
westernising,westernizing,verb,ing,true,true,动词!E251:J251|动词!E255:J255|动词!E263:J263,
windscreen,windshield,noun,单数,true,true,名词!A270:C270,
windscreen wiper,windshield wiper,noun,单数,true,true,名词!A273:C273,
windscreen wipers,windshield wipers,noun,复数,true,true,名词!B273:D273,
windscreens,windshields,noun,复数,true,true,名词!B270:D270,
wing mirror,side mirror,noun,单数,true,true,名词!A271:C271,
wing mirrors,side mirrors,noun,复数,true,true,名词!B271:D271,
womanise,womanize,verb,原型,true,true,动词!A253:F253|动词!A257:F257|动词!A265:F265,
womanised,womanized,verb,过去分词|过去时,true,true,动词!C253:H253|动词!C257:H257|动词!C265:H265|动词!D253:I253|动词!D257:I257|动词!D265:I265,
womanises,womanizes,verb,第三人称单数,true,true,动词!B253:G253|动词!B257:G257|动词!B265:G265,
womanising,womanizing,verb,ing,true,true,动词!E253:J253|动词!E257:J257|动词!E265:J265,
worktop,countertop,noun,单数,true,true,名词!A272:C272,
worktops,countertops,noun,复数,true,true,名词!B272:D272,
zebra crossing,crosswalk,noun,单数,true,false,名词!A274:C274,美式源词存在多个英式目标，已禁用美转英
zebra crossings,crosswalks,noun,复数,true,false,名词!B274:D274,美式源词存在多个英式目标，已禁用美转英
zip,zipper,noun,单数,true,true,名词!A275:C275,
zips,zippers,noun,复数,true,true,名词!B275:D275,
